implementation,dimension,transform,size,prime_factors,dataset_idx,first_run_time,avg_execution_time,std_deviation,planning_overhead,shape,size_x,size_y
NumPy FFT,1,FFT,1000.0,2*2*2*5*5*5,0,6.977841258049011e-05,8.128136396408081e-05,7.826006069319502e-05,-1.1502951383590696e-05,,,
SciPy FFT,1,FFT,1000.0,2*2*2*5*5*5,0,0.0001203492283821106,8.050128817558289e-05,5.0670700245639374e-06,3.9847940206527705e-05,,,
PyFFTW,1,FFT,1000.0,2*2*2*5*5*5,0,0.0004206337034702301,0.00011182501912117004,7.054745582918667e-06,0.00030880868434906005,,,
BetterFFTW,1,FFT,1000.0,2*2*2*5*5*5,0,0.00034437328577041626,9.182319045066833e-05,4.891553051888546e-06,0.0002525500953197479,,,
NumPy FFT,1,FFT,1000.0,2*2*2*5*5*5,1,5.1647424697875977e-05,4.4238567352294925e-05,2.214921652366102e-06,7.408857345581052e-06,,,
SciPy FFT,1,FFT,1000.0,2*2*2*5*5*5,1,9.927898645401001e-05,8.039101958274841e-05,3.4592744830634876e-06,1.88879668712616e-05,,,
PyFFTW,1,FFT,1000.0,2*2*2*5*5*5,1,0.00028210878372192383,0.00011899396777153015,9.436945913346902e-06,0.0001631148159503937,,,
BetterFFTW,1,FFT,1000.0,2*2*2*5*5*5,1,0.0001042783260345459,9.969025850296021e-05,1.659497532439645e-05,4.588067531585688e-06,,,
NumPy FFT,1,FFT,1000.0,2*2*2*5*5*5,2,4.733353853225708e-05,4.447624087333679e-05,1.123499628171813e-06,2.857297658920288e-06,,,
SciPy FFT,1,FFT,1000.0,2*2*2*5*5*5,2,0.00010364875197410583,7.781684398651123e-05,2.7276100360278343e-06,2.5831907987594607e-05,,,
PyFFTW,1,FFT,1000.0,2*2*2*5*5*5,2,0.0002775266766548157,0.00011295974254608155,1.056988705486419e-05,0.00016456693410873413,,,
BetterFFTW,1,FFT,1000.0,2*2*2*5*5*5,2,0.00010843947529792786,8.893385529518127e-05,2.656696724843631e-06,1.9505620002746582e-05,,,
NumPy FFT,1,FFT,1331.0,11*11*11,0,7.023662328720093e-05,5.203559994697571e-05,5.3482359002338346e-06,1.8201023340225217e-05,,,
SciPy FFT,1,FFT,1331.0,11*11*11,0,0.00011516362428665161,8.566826581954957e-05,6.654541272957551e-06,2.9495358467102045e-05,,,
PyFFTW,1,FFT,1331.0,11*11*11,0,0.0004994384944438934,0.0001521751284599304,6.76345668934153e-05,0.000347263365983963,,,
BetterFFTW,1,FFT,1331.0,11*11*11,0,0.0003495216369628906,9.715110063552856e-05,5.095476745662717e-06,0.00025237053632736205,,,
NumPy FFT,1,FFT,1331.0,11*11*11,1,5.505979061126709e-05,5.9402734041213987e-05,1.9591195268767236e-05,-4.342943429946897e-06,,,
SciPy FFT,1,FFT,1331.0,11*11*11,1,0.00014609470963478088,8.724555373191833e-05,7.969182731283622e-06,5.884915590286255e-05,,,
PyFFTW,1,FFT,1331.0,11*11*11,1,0.0004505440592765808,0.00011493191123008728,7.111783257956315e-06,0.0003356121480464935,,,
BetterFFTW,1,FFT,1331.0,11*11*11,1,0.00014157220721244812,9.888261556625366e-05,6.017077358086245e-06,4.2689591646194463e-05,,,
NumPy FFT,1,FFT,1331.0,11*11*11,2,5.639716982841492e-05,5.066171288490295e-05,2.95288100474111e-06,5.735456943511964e-06,,,
SciPy FFT,1,FFT,1331.0,11*11*11,2,0.00011919066309928894,9.142011404037476e-05,4.5497289929394035e-06,2.777054905891418e-05,,,
PyFFTW,1,FFT,1331.0,11*11*11,2,0.0003664270043373108,0.00012499392032623292,8.969180052821284e-06,0.00024143308401107787,,,
BetterFFTW,1,FFT,1331.0,11*11*11,2,0.00011050328612327576,0.00010021626949310302,4.269271489953932e-06,1.0287016630172735e-05,,,
NumPy FFT,1,FFT,1920.0,2*2*2*2*2*2*2*3*5,0,7.369369268417358e-05,5.443170666694641e-05,3.118343113965704e-06,1.9261986017227174e-05,,,
SciPy FFT,1,FFT,1920.0,2*2*2*2*2*2*2*3*5,0,0.00013760104775428772,0.00010280832648277283,3.2889571791829947e-06,3.479272127151489e-05,,,
PyFFTW,1,FFT,1920.0,2*2*2*2*2*2*2*3*5,0,0.0005203746259212494,0.00012020692229270935,1.2762050766123578e-06,0.00040016770362854003,,,
BetterFFTW,1,FFT,1920.0,2*2*2*2*2*2*2*3*5,0,0.0003297552466392517,9.539499878883362e-05,5.137973319976317e-06,0.00023436024785041809,,,
NumPy FFT,1,FFT,1920.0,2*2*2*2*2*2*2*3*5,1,5.640089511871338e-05,5.080848932266235e-05,1.3516601754025333e-06,5.592405796051028e-06,,,
SciPy FFT,1,FFT,1920.0,2*2*2*2*2*2*2*3*5,1,0.00012636929750442505,8.729994297027588e-05,5.804685421915009e-06,3.9069354534149165e-05,,,
PyFFTW,1,FFT,1920.0,2*2*2*2*2*2*2*3*5,1,0.00029078125953674316,0.00011299625039100647,3.7686944183496835e-06,0.0001777850091457367,,,
BetterFFTW,1,FFT,1920.0,2*2*2*2*2*2*2*3*5,1,0.00011159852147102356,9.638145565986634e-05,6.461581647165932e-06,1.5217065811157224e-05,,,
NumPy FFT,1,FFT,1920.0,2*2*2*2*2*2*2*3*5,2,5.806237459182739e-05,4.950910806655884e-05,1.8506048391679838e-06,8.553266525268555e-06,,,
SciPy FFT,1,FFT,1920.0,2*2*2*2*2*2*2*3*5,2,0.00012011080980300903,8.754730224609375e-05,7.472477861763245e-06,3.2563507556915286e-05,,,
PyFFTW,1,FFT,1920.0,2*2*2*2*2*2*2*3*5,2,0.0002943649888038635,0.00011144205927848816,5.9047216762883874e-06,0.00018292292952537537,,,
BetterFFTW,1,FFT,1920.0,2*2*2*2*2*2*2*3*5,2,0.00011881813406944275,0.00010356605052947998,3.129097851401361e-06,1.5252083539962771e-05,,,
NumPy FFT,1,FFT,1999.0,1999,0,0.00028249621391296387,0.00017519891262054443,2.43783247609173e-06,0.00010729730129241944,,,
SciPy FFT,1,FFT,1999.0,1999,0,0.0003027580678462982,0.00015397146344184876,7.785673701152015e-06,0.00014878660440444946,,,
PyFFTW,1,FFT,1999.0,1999,0,0.0008146092295646667,0.00024537593126297,0.0001315230485813142,0.0005692332983016968,,,
BetterFFTW,1,FFT,1999.0,1999,0,0.000594060868024826,0.00015776008367538453,8.831795361354979e-06,0.00043630078434944155,,,
NumPy FFT,1,FFT,1999.0,1999,1,0.0002166852355003357,0.00017372220754623412,2.6220237108770055e-06,4.296302795410157e-05,,,
SciPy FFT,1,FFT,1999.0,1999,1,0.00017452239990234375,0.0001566477119922638,5.478799222011561e-06,1.7874687910079945e-05,,,
PyFFTW,1,FFT,1999.0,1999,1,0.00048157572746276855,0.00023674964904785156,0.00012022287007171035,0.000244826078414917,,,
BetterFFTW,1,FFT,1999.0,1999,1,0.00018977001309394836,0.00015966370701789856,9.992797912861902e-06,3.01063060760498e-05,,,
NumPy FFT,1,FFT,1999.0,1999,2,0.000182420015335083,0.00017600655555725098,2.1291115763881864e-06,6.413459777832026e-06,,,
SciPy FFT,1,FFT,1999.0,1999,2,0.000176895409822464,0.00015169084072113036,3.4304769336702145e-06,2.520456910133363e-05,,,
PyFFTW,1,FFT,1999.0,1999,2,0.00046556442975997925,0.00023221448063850402,0.00011166011988211624,0.00023334994912147523,,,
BetterFFTW,1,FFT,1999.0,1999,2,0.00018081441521644592,0.00015906691551208495,8.054142205903987e-06,2.1747499704360973e-05,,,
NumPy FFT,1,FFT,2187.0,3*3*3*3*3*3*3,0,6.844475865364075e-05,5.918592214584351e-05,2.654277677062804e-06,9.25883650779724e-06,,,
SciPy FFT,1,FFT,2187.0,3*3*3*3*3*3*3,0,0.0001536235213279724,9.224563837051392e-05,2.5926735862609995e-06,6.13778829574585e-05,,,
PyFFTW,1,FFT,2187.0,3*3*3*3*3*3*3,0,0.00039115920662879944,0.00013419613242149353,1.4296581091927543e-05,0.0002569630742073059,,,
BetterFFTW,1,FFT,2187.0,3*3*3*3*3*3*3,0,0.0003425106406211853,0.0001014024019241333,3.3901148757544038e-06,0.000241108238697052,,,
NumPy FFT,1,FFT,2187.0,3*3*3*3*3*3*3,1,6.47231936454773e-05,5.739256739616394e-05,1.4713536649337145e-06,7.330626249313352e-06,,,
SciPy FFT,1,FFT,2187.0,3*3*3*3*3*3*3,1,0.00011659413576126099,9.167343378067017e-05,4.949979592720965e-06,2.4920701980590815e-05,,,
PyFFTW,1,FFT,2187.0,3*3*3*3*3*3*3,1,0.0003126189112663269,0.0001260615885257721,1.1595469684320196e-05,0.0001865573227405548,,,
BetterFFTW,1,FFT,2187.0,3*3*3*3*3*3*3,1,0.000122755765914917,0.0001008547842502594,4.043187839291003e-06,2.1900981664657593e-05,,,
NumPy FFT,1,FFT,2187.0,3*3*3*3*3*3*3,2,6.465241312980652e-05,6.022602319717407e-05,1.897672385035433e-06,4.426389932632449e-06,,,
SciPy FFT,1,FFT,2187.0,3*3*3*3*3*3*3,2,0.00011199712753295898,9.002387523651123e-05,4.339110038360198e-06,2.197325229644776e-05,,,
PyFFTW,1,FFT,2187.0,3*3*3*3*3*3*3,2,0.0003025829792022705,0.00012225732207298278,8.968509129300157e-06,0.00018032565712928773,,,
BetterFFTW,1,FFT,2187.0,3*3*3*3*3*3*3,2,0.00012039020657539368,0.00010848119854927063,5.853870679250482e-06,1.1909008026123044e-05,,,
NumPy FFT,1,FFT,10000.0,2*2*2*2*5*5*5*5,0,0.00022641941905021667,0.00016765296459197998,5.866192761918559e-06,5.8766454458236694e-05,,,
SciPy FFT,1,FFT,10000.0,2*2*2*2*5*5*5*5,0,0.0002811141312122345,0.00020837485790252684,2.1129112457254362e-05,7.273927330970765e-05,,,
PyFFTW,1,FFT,10000.0,2*2*2*2*5*5*5*5,0,0.0011210814118385315,0.0002490416169166565,0.0001290455660188947,0.000872039794921875,,,
BetterFFTW,1,FFT,10000.0,2*2*2*2*5*5*5*5,0,0.0004587098956108093,0.00021390095353126525,8.800142697277278e-05,0.00024480894207954405,,,
NumPy FFT,1,FFT,10000.0,2*2*2*2*5*5*5*5,1,0.00018692761659622192,0.00016592517495155333,2.5999872545646883e-06,2.100244164466859e-05,,,
SciPy FFT,1,FFT,10000.0,2*2*2*2*5*5*5*5,1,0.00022327899932861328,0.00019306689500808716,9.713251658642538e-06,3.0212104320526123e-05,,,
PyFFTW,1,FFT,10000.0,2*2*2*2*5*5*5*5,1,0.0004274621605873108,0.0001765035092830658,4.777154828606021e-06,0.000250958651304245,,,
BetterFFTW,1,FFT,10000.0,2*2*2*2*5*5*5*5,1,0.00017980486154556274,0.00019643455743789673,7.169452719935485e-05,-1.6629695892333984e-05,,,
NumPy FFT,1,FFT,10000.0,2*2*2*2*5*5*5*5,2,0.00016690418124198914,0.00016286224126815796,2.4314853059247595e-06,4.041939973831177e-06,,,
SciPy FFT,1,FFT,10000.0,2*2*2*2*5*5*5*5,2,0.00021684914827346802,0.0001917712390422821,4.184106627857031e-06,2.5077909231185924e-05,,,
PyFFTW,1,FFT,10000.0,2*2*2*2*5*5*5*5,2,0.00042014941573143005,0.00017623603343963623,7.86890381103878e-06,0.00024391338229179382,,,
BetterFFTW,1,FFT,10000.0,2*2*2*2*5*5*5*5,2,0.00017713755369186401,0.00019673779606819153,6.607869924377197e-05,-1.960024237632752e-05,,,
NumPy FFT,1,FFT,12289.0,12289,0,0.0013419054448604584,0.0009809978306293487,6.492798019937482e-06,0.0003609076142311097,,,
SciPy FFT,1,FFT,12289.0,12289,0,0.0011148378252983093,0.0006930768489837646,2.251618709414128e-06,0.0004217609763145447,,,
PyFFTW,1,FFT,12289.0,12289,0,0.002829037606716156,0.0004960522055625916,1.5559485059613753e-05,0.0023329854011535645,,,
BetterFFTW,1,FFT,12289.0,12289,0,0.0009570829570293427,0.0007259756326675415,0.000493892749432268,0.00023110732436180113,,,
NumPy FFT,1,FFT,12289.0,12289,1,0.0009941793978214264,0.0009849116206169129,8.402868515417336e-06,9.267777204513506e-06,,,
SciPy FFT,1,FFT,12289.0,12289,1,0.0007366128265857697,0.0006925456225872039,6.4493464242458565e-06,4.406720399856572e-05,,,
PyFFTW,1,FFT,12289.0,12289,1,0.0015687830746173859,0.0004912786185741425,2.109943383074404e-05,0.0010775044560432435,,,
BetterFFTW,1,FFT,12289.0,12289,1,0.0005580484867095947,0.0007746309041976928,0.000585100409349908,-0.00021658241748809812,,,
NumPy FFT,1,FFT,12289.0,12289,2,0.0010064281523227692,0.0009821742773056031,3.0659972922006954e-06,2.425387501716605e-05,,,
SciPy FFT,1,FFT,12289.0,12289,2,0.0008336193859577179,0.0006914854049682618,5.44290201154802e-06,0.00014213398098945613,,,
PyFFTW,1,FFT,12289.0,12289,2,0.000950641930103302,0.0004790060222148895,6.4859798559125456e-06,0.0004716359078884125,,,
BetterFFTW,1,FFT,12289.0,12289,2,0.0005302019417285919,0.0007062353193759918,0.00042209940099724734,-0.00017603337764739992,,,
NumPy FFT,1,FFT,15625.0,5*5*5*5*5*5,0,0.00034391507506370544,0.0002702929079532623,3.936522842724618e-06,7.362216711044313e-05,,,
SciPy FFT,1,FFT,15625.0,5*5*5*5*5*5,0,0.00035315752029418945,0.0002579227089881897,1.0416360032049651e-05,9.523481130599973e-05,,,
PyFFTW,1,FFT,15625.0,5*5*5*5*5*5,0,0.0008123256266117096,0.0002619519829750061,1.5838963465898944e-05,0.0005503736436367034,,,
BetterFFTW,1,FFT,15625.0,5*5*5*5*5*5,0,0.0005108155310153961,0.00030094161629676817,0.00012458901634871503,0.00020987391471862795,,,
NumPy FFT,1,FFT,15625.0,5*5*5*5*5*5,1,0.0002734847366809845,0.0002659149467945099,2.607473295158071e-06,7.569789886474609e-06,,,
SciPy FFT,1,FFT,15625.0,5*5*5*5*5*5,1,0.00027369335293769836,0.0002519659698009491,4.615975084810482e-06,2.1727383136749246e-05,,,
PyFFTW,1,FFT,15625.0,5*5*5*5*5*5,1,0.0005242303013801575,0.00029594004154205323,9.305973481913347e-05,0.00022829025983810424,,,
BetterFFTW,1,FFT,15625.0,5*5*5*5*5*5,1,0.0002549216151237488,0.00030277594923973085,0.00011719017906848783,-4.7854334115982067e-05,,,
NumPy FFT,1,FFT,15625.0,5*5*5*5*5*5,2,0.0002862699329853058,0.00026586726307868956,3.857764582827335e-06,2.0402669906616222e-05,,,
SciPy FFT,1,FFT,15625.0,5*5*5*5*5*5,2,0.0002761036157608032,0.0002523310482501984,2.1527879877507296e-06,2.3772567510604837e-05,,,
PyFFTW,1,FFT,15625.0,5*5*5*5*5*5,2,0.0004948414862155914,0.0002544522285461426,4.8861444929625426e-06,0.00024038925766944885,,,
BetterFFTW,1,FFT,15625.0,5*5*5*5*5*5,2,0.00026869773864746094,0.0003103800117969513,0.00013744881324433153,-4.1682273149490356e-05,,,
NumPy FFT,1,FFT,20000.0,2*2*2*2*2*5*5*5*5,0,0.00034612417221069336,0.0003352247178554535,4.6634899855545685e-06,1.0899454355239879e-05,,,
SciPy FFT,1,FFT,20000.0,2*2*2*2*2*5*5*5*5,0,0.00047762319445610046,0.0003015182912349701,7.662200921321853e-06,0.00017610490322113038,,,
PyFFTW,1,FFT,20000.0,2*2*2*2*2*5*5*5*5,0,0.0008541122078895569,0.0003702417016029358,0.00017167022537284375,0.0004838705062866211,,,
BetterFFTW,1,FFT,20000.0,2*2*2*2*2*5*5*5*5,0,0.0005313828587532043,0.00036249011754989623,0.0001849649920388005,0.00016889274120330812,,,
NumPy FFT,1,FFT,20000.0,2*2*2*2*2*5*5*5*5,1,0.0003499723970890045,0.000335036963224411,5.037084241919243e-06,1.4935433864593495e-05,,,
SciPy FFT,1,FFT,20000.0,2*2*2*2*2*5*5*5*5,1,0.0003245323896408081,0.0003095351159572601,7.582422379845363e-06,1.4997273683547984e-05,,,
PyFFTW,1,FFT,20000.0,2*2*2*2*2*5*5*5*5,1,0.0005385987460613251,0.00032891780138015746,0.0001357104255368588,0.0002096809446811676,,,
BetterFFTW,1,FFT,20000.0,2*2*2*2*2*5*5*5*5,1,0.0002731233835220337,0.00032975897192955017,0.00015238999844449855,-5.663558840751648e-05,,,
NumPy FFT,1,FFT,20000.0,2*2*2*2*2*5*5*5*5,2,0.00033543258905410767,0.00033188313245773314,4.2034855150455066e-06,3.5494565963745226e-06,,,
SciPy FFT,1,FFT,20000.0,2*2*2*2*2*5*5*5*5,2,0.0003206096589565277,0.0003035426139831543,4.185257527110941e-06,1.706704497337339e-05,,,
PyFFTW,1,FFT,20000.0,2*2*2*2*2*5*5*5*5,2,0.0004997551441192627,0.0003271661698818207,9.438996994242958e-05,0.00017258897423744202,,,
BetterFFTW,1,FFT,20000.0,2*2*2*2*2*5*5*5*5,2,0.000265754759311676,0.00032040104269981384,0.0001427378853920383,-5.464628338813782e-05,,,
NumPy FFT,1,FFT,32805.0,3*3*3*3*3*3*3*3*5,0,0.0006926096975803375,0.0006651192903518677,0.0002279982802730334,2.7490407228469827e-05,,,
SciPy FFT,1,FFT,32805.0,3*3*3*3*3*3*3*3*5,0,0.0007412992417812347,0.0005184896290302277,5.4149810639768656e-05,0.00022280961275100708,,,
PyFFTW,1,FFT,32805.0,3*3*3*3*3*3*3*3*5,0,0.001717064529657364,0.0004404820501804352,8.197889438876654e-06,0.0012765824794769287,,,
BetterFFTW,1,FFT,32805.0,3*3*3*3*3*3*3*3*5,0,0.0016519688069820404,0.000528823584318161,0.0003351787235082816,0.0011231452226638794,,,
NumPy FFT,1,FFT,32805.0,3*3*3*3*3*3*3*3*5,1,0.0005460493266582489,0.0005336269736289978,3.6047127057242286e-06,1.242235302925112e-05,,,
SciPy FFT,1,FFT,32805.0,3*3*3*3*3*3*3*3*5,1,0.0005249008536338806,0.0005089275538921357,1.8545888692114452e-05,1.5973299741744952e-05,,,
PyFFTW,1,FFT,32805.0,3*3*3*3*3*3*3*3*5,1,0.0013147816061973572,0.0005335487425327301,0.0001804571520261291,0.0007812328636646271,,,
BetterFFTW,1,FFT,32805.0,3*3*3*3*3*3*3*3*5,1,0.00040122494101524353,0.0005156941711902619,0.00029047814456615087,-0.00011446923017501833,,,
NumPy FFT,1,FFT,32805.0,3*3*3*3*3*3*3*3*5,2,0.0005563683807849884,0.0005501359701156616,5.847327960725259e-06,6.232410669326782e-06,,,
SciPy FFT,1,FFT,32805.0,3*3*3*3*3*3*3*3*5,2,0.0005205422639846802,0.0004895158112049103,6.400179962243875e-06,3.102645277976992e-05,,,
PyFFTW,1,FFT,32805.0,3*3*3*3*3*3*3*3*5,2,0.0013350285589694977,0.0004423163831233978,6.271376617665899e-06,0.0008927121758460999,,,
BetterFFTW,1,FFT,32805.0,3*3*3*3*3*3*3*3*5,2,0.00039988383650779724,0.0004918858408927918,0.00024107466238439202,-9.200200438499453e-05,,,
NumPy FFT,1,FFT,65537.0,65537,0,0.00992206484079361,0.0073605015873909,1.775155507225722e-05,0.0025615632534027096,,,
SciPy FFT,1,FFT,65537.0,65537,0,0.007407911121845245,0.0043409720063209535,2.750915576411954e-05,0.003066939115524292,,,
PyFFTW,1,FFT,65537.0,65537,0,0.00910862535238266,0.0022854626178741453,1.4887992881654215e-05,0.006823162734508515,,,
BetterFFTW,1,FFT,65537.0,65537,0,0.0051148757338523865,0.003918938338756561,0.0032882924190443,0.0011959373950958252,,,
NumPy FFT,1,FFT,65537.0,65537,1,0.007474392652511597,0.007358226925134659,6.461665825081198e-05,0.00011616572737693787,,,
SciPy FFT,1,FFT,65537.0,65537,1,0.004366546869277954,0.004336428642272949,1.593797795446412e-05,3.0118227005005056e-05,,,
PyFFTW,1,FFT,65537.0,65537,1,0.004767514765262604,0.002297928184270859,2.673346026934689e-05,0.002469586580991745,,,
BetterFFTW,1,FFT,65537.0,65537,1,0.002360627055168152,0.0038564257323741914,0.003111899061594324,-0.0014957986772060395,,,
NumPy FFT,1,FFT,65537.0,65537,2,0.007501866668462753,0.007361790537834168,7.799975643672608e-05,0.00014007613062858547,,,
SciPy FFT,1,FFT,65537.0,65537,2,0.00437411293387413,0.004333335906267166,1.7740182396747767e-05,4.077702760696411e-05,,,
PyFFTW,1,FFT,65537.0,65537,2,0.004350826144218445,0.002321051061153412,3.933018407799492e-05,0.002029775083065033,,,
BetterFFTW,1,FFT,65537.0,65537,2,0.002341996878385544,0.0038342691957950594,0.0030995636159744707,-0.0014922723174095156,,,
NumPy FFT,1,FFT,100000.0,2*2*2*2*2*5*5*5*5*5,0,0.002556581050157547,0.0018064528703689575,9.260986266639941e-06,0.0007501281797885895,,,
SciPy FFT,1,FFT,100000.0,2*2*2*2*2*5*5*5*5*5,0,0.002236202359199524,0.0016575202345848084,1.541642864667776e-05,0.0005786821246147155,,,
PyFFTW,1,FFT,100000.0,2*2*2*2*2*5*5*5*5*5,0,0.003220435231924057,0.0010846883058547973,2.2735458032800376e-05,0.0021357469260692595,,,
BetterFFTW,1,FFT,100000.0,2*2*2*2*2*5*5*5*5*5,0,0.002167481929063797,0.0011089794337749482,0.000836006102116629,0.0010585024952888488,,,
NumPy FFT,1,FFT,100000.0,2*2*2*2*2*5*5*5*5*5,1,0.0018436610698699951,0.001816074550151825,1.7521521598117468e-05,2.758651971817021e-05,,,
SciPy FFT,1,FFT,100000.0,2*2*2*2*2*5*5*5*5*5,1,0.001688290387392044,0.0016808830201625823,5.557870638947906e-05,7.407367229461757e-06,,,
PyFFTW,1,FFT,100000.0,2*2*2*2*2*5*5*5*5*5,1,0.0030891820788383484,0.0011172749102115632,4.017798619878768e-05,0.0019719071686267855,,,
BetterFFTW,1,FFT,100000.0,2*2*2*2*2*5*5*5*5*5,1,0.0007932409644126892,0.001270199567079544,0.0008036307737392957,-0.00047695860266685477,,,
NumPy FFT,1,FFT,100000.0,2*2*2*2*2*5*5*5*5*5,2,0.0022037923336029053,0.0018120661377906799,1.2169356137083362e-05,0.0003917261958122254,,,
SciPy FFT,1,FFT,100000.0,2*2*2*2*2*5*5*5*5*5,2,0.002475239336490631,0.0016792602837085724,4.4037113854869304e-05,0.0007959790527820587,,,
PyFFTW,1,FFT,100000.0,2*2*2*2*2*5*5*5*5*5,2,0.003737635910511017,0.0011032238602638245,2.7348132905406156e-05,0.0026344120502471923,,,
BetterFFTW,1,FFT,100000.0,2*2*2*2*2*5*5*5*5*5,2,0.000757124274969101,0.0010829433798789979,0.0008472931091975453,-0.00032581910490989694,,,
NumPy FFT,1,Real FFT,1000.0,2*2*2*5*5*5,0,8.331984281539917e-05,3.91542911529541e-05,1.3032226237484905e-06,4.416555166244507e-05,,,
SciPy FFT,1,Real FFT,1000.0,2*2*2*5*5*5,0,0.00012292340397834778,7.806271314620971e-05,6.425842809321648e-06,4.4860690832138064e-05,,,
PyFFTW,1,Real FFT,1000.0,2*2*2*5*5*5,0,0.0003564096987247467,0.00010743290185928344,4.006521849826868e-06,0.00024897679686546325,,,
BetterFFTW,1,Real FFT,1000.0,2*2*2*5*5*5,0,0.000324055552482605,3.755316138267517e-05,1.393008735640023e-06,0.0002865023910999298,,,
NumPy FFT,1,Real FFT,1000.0,2*2*2*5*5*5,1,4.727020859718323e-05,3.9472430944442746e-05,1.0785661815014109e-06,7.797777652740481e-06,,,
SciPy FFT,1,Real FFT,1000.0,2*2*2*5*5*5,1,0.00011249631643295288,7.515773177146912e-05,3.0702006607207434e-06,3.7338584661483765e-05,,,
PyFFTW,1,Real FFT,1000.0,2*2*2*5*5*5,1,0.0003262460231781006,0.00013580545783042908,6.483433212616179e-05,0.0001904405653476715,,,
BetterFFTW,1,Real FFT,1000.0,2*2*2*5*5*5,1,4.662945866584778e-05,3.891587257385254e-05,1.8906875536050776e-06,7.71358609199524e-06,,,
NumPy FFT,1,Real FFT,1000.0,2*2*2*5*5*5,2,4.7944486141204834e-05,3.877878189086914e-05,8.820260260982437e-07,9.165704250335692e-06,,,
SciPy FFT,1,Real FFT,1000.0,2*2*2*5*5*5,2,9.64626669883728e-05,7.428452372550964e-05,1.7260819742258136e-06,2.2178143262863165e-05,,,
PyFFTW,1,Real FFT,1000.0,2*2*2*5*5*5,2,0.00030577555298805237,0.00010362043976783753,7.065632160672041e-06,0.00020215511322021484,,,
BetterFFTW,1,Real FFT,1000.0,2*2*2*5*5*5,2,4.96692955493927e-05,3.719329833984375e-05,8.71033098942409e-07,1.247599720954895e-05,,,
NumPy FFT,1,Real FFT,1331.0,11*11*11,0,9.360909461975098e-05,4.6242773532867434e-05,2.3781261234429344e-06,4.736632108688354e-05,,,
SciPy FFT,1,Real FFT,1331.0,11*11*11,0,0.000123683363199234,8.229091763496399e-05,2.548481303534932e-06,4.139244556427002e-05,,,
PyFFTW,1,Real FFT,1331.0,11*11*11,0,0.0004100687801837921,0.00017267093062400818,8.903042348909307e-05,0.00023739784955978394,,,
BetterFFTW,1,Real FFT,1331.0,11*11*11,0,0.00036738812923431396,4.898980259895325e-05,2.5775785103335644e-06,0.0003183983266353607,,,
NumPy FFT,1,Real FFT,1331.0,11*11*11,1,4.979968070983887e-05,4.651546478271484e-05,1.5478939369713366e-06,3.284215927124025e-06,,,
SciPy FFT,1,Real FFT,1331.0,11*11*11,1,0.00010140985250473022,8.113160729408264e-05,2.113490322015975e-06,2.027824521064759e-05,,,
PyFFTW,1,Real FFT,1331.0,11*11*11,1,0.0003681257367134094,0.00016649290919303894,9.184988158942232e-05,0.0002016328275203705,,,
BetterFFTW,1,Real FFT,1331.0,11*11*11,1,5.765259265899658e-05,5.036965012550354e-05,7.18556837040053e-06,7.282942533493042e-06,,,
NumPy FFT,1,Real FFT,1331.0,11*11*11,2,6.527826189994812e-05,4.830583930015564e-05,3.5218974078421144e-06,1.697242259979248e-05,,,
SciPy FFT,1,Real FFT,1331.0,11*11*11,2,9.868666529655457e-05,8.215755224227905e-05,4.0715013210880465e-06,1.6529113054275513e-05,,,
PyFFTW,1,Real FFT,1331.0,11*11*11,2,0.0003700442612171173,0.0001590728759765625,8.256464734392235e-05,0.0002109713852405548,,,
BetterFFTW,1,Real FFT,1331.0,11*11*11,2,5.727633833885193e-05,5.004778504371643e-05,5.039556193155469e-06,7.228553295135497e-06,,,
NumPy FFT,1,Real FFT,1920.0,2*2*2*2*2*2*2*3*5,0,8.123740553855896e-05,4.77522611618042e-05,1.3416561508764377e-06,3.348514437675476e-05,,,
SciPy FFT,1,Real FFT,1920.0,2*2*2*2*2*2*2*3*5,0,0.00011100620031356812,8.364096283912659e-05,2.5383575909374683e-06,2.7365237474441526e-05,,,
PyFFTW,1,Real FFT,1920.0,2*2*2*2*2*2*2*3*5,0,0.00036385655403137207,0.00012329891324043275,2.110472920372541e-05,0.00024055764079093932,,,
BetterFFTW,1,Real FFT,1920.0,2*2*2*2*2*2*2*3*5,0,0.00032309070229530334,4.043206572532654e-05,1.0415543935489173e-06,0.00028265863656997683,,,
NumPy FFT,1,Real FFT,1920.0,2*2*2*2*2*2*2*3*5,1,5.307048559188843e-05,6.128028035163879e-05,2.3406425235993525e-05,-8.209794759750364e-06,,,
SciPy FFT,1,Real FFT,1920.0,2*2*2*2*2*2*2*3*5,1,0.00014851614832878113,9.670853614807129e-05,8.950731363320173e-06,5.180761218070984e-05,,,
PyFFTW,1,Real FFT,1920.0,2*2*2*2*2*2*2*3*5,1,0.00040589645504951477,0.00016323402523994447,9.729931833869378e-05,0.0002426624298095703,,,
BetterFFTW,1,Real FFT,1920.0,2*2*2*2*2*2*2*3*5,1,7.483363151550293e-05,4.032254219055176e-05,4.043440455126792e-06,3.451108932495117e-05,,,
NumPy FFT,1,Real FFT,1920.0,2*2*2*2*2*2*2*3*5,2,5.2168965339660645e-05,4.891380667686463e-05,1.2714354118737734e-06,3.255158662796018e-06,,,
SciPy FFT,1,Real FFT,1920.0,2*2*2*2*2*2*2*3*5,2,0.00010959431529045105,8.580535650253296e-05,2.4226378259381747e-06,2.3788958787918088e-05,,,
PyFFTW,1,Real FFT,1920.0,2*2*2*2*2*2*2*3*5,2,0.0003236532211303711,0.00010970830917358398,5.960377677643093e-06,0.00021394491195678711,,,
BetterFFTW,1,Real FFT,1920.0,2*2*2*2*2*2*2*3*5,2,4.498288035392761e-05,3.8611143827438356e-05,1.4528834665550036e-06,6.3717365264892565e-06,,,
NumPy FFT,1,Real FFT,1999.0,1999,0,0.000277932733297348,0.00017717555165290831,4.1099406994673536e-06,0.00010075718164443971,,,
SciPy FFT,1,Real FFT,1999.0,1999,0,0.00031876564025878906,0.00016069412231445312,4.99065338506974e-06,0.00015807151794433594,,,
PyFFTW,1,Real FFT,1999.0,1999,0,0.0008553490042686462,0.00027870908379554746,0.00015761289259568975,0.0005766399204730988,,,
BetterFFTW,1,Real FFT,1999.0,1999,0,0.0006009526550769806,0.00012557953596115112,3.024616394899156e-06,0.00047537311911582947,,,
NumPy FFT,1,Real FFT,1999.0,1999,1,0.00022611767053604126,0.00018151775002479554,2.508805761159401e-06,4.459992051124572e-05,,,
SciPy FFT,1,Real FFT,1999.0,1999,1,0.00019672885537147522,0.0001589156687259674,4.632834640627673e-06,3.781318664550782e-05,,,
PyFFTW,1,Real FFT,1999.0,1999,1,0.0005935803055763245,0.0001912444829940796,7.456539944707548e-06,0.00040233582258224486,,,
BetterFFTW,1,Real FFT,1999.0,1999,1,0.00013881921768188477,0.00012429952621459961,3.5549128774769317e-06,1.451969146728515e-05,,,
NumPy FFT,1,Real FFT,1999.0,1999,2,0.0001924261450767517,0.00018791928887367247,8.178128494054964e-06,4.5068562030792345e-06,,,
SciPy FFT,1,Real FFT,1999.0,1999,2,0.00018956512212753296,0.00016477108001708985,7.269858956854001e-06,2.479404211044311e-05,,,
PyFFTW,1,Real FFT,1999.0,1999,2,0.0005871616303920746,0.00019342154264450072,6.6357120321425915e-06,0.00039374008774757386,,,
BetterFFTW,1,Real FFT,1999.0,1999,2,0.00012880191206932068,0.00012366846203804016,2.2764273321723593e-06,5.133450031280518e-06,,,
NumPy FFT,1,Real FFT,2187.0,3*3*3*3*3*3*3,0,7.55898654460907e-05,4.999265074729919e-05,1.9789440545033597e-06,2.5597214698791507e-05,,,
SciPy FFT,1,Real FFT,2187.0,3*3*3*3*3*3*3,0,0.00015683472156524658,8.538886904716492e-05,8.097129954939092e-06,7.144585251808166e-05,,,
PyFFTW,1,Real FFT,2187.0,3*3*3*3*3*3*3,0,0.0004415176808834076,0.0001663289964199066,8.908442546471592e-05,0.00027518868446350095,,,
BetterFFTW,1,Real FFT,2187.0,3*3*3*3*3*3*3,0,0.0004149340093135834,5.4168701171875e-05,6.74505937671754e-06,0.00036076530814170836,,,
NumPy FFT,1,Real FFT,2187.0,3*3*3*3*3*3*3,1,5.435943603515625e-05,5.0736963748931886e-05,4.180530399853784e-06,3.622472286224364e-06,,,
SciPy FFT,1,Real FFT,2187.0,3*3*3*3*3*3*3,1,0.00010777637362480164,8.547082543373108e-05,2.0250598567493637e-06,2.230554819107055e-05,,,
PyFFTW,1,Real FFT,2187.0,3*3*3*3*3*3*3,1,0.0004283227026462555,0.00016955062747001648,9.256231053825581e-05,0.00025877207517623904,,,
BetterFFTW,1,Real FFT,2187.0,3*3*3*3*3*3*3,1,5.939602851867676e-05,5.6242942810058595e-05,9.221248813213832e-06,3.1530857086181627e-06,,,
NumPy FFT,1,Real FFT,2187.0,3*3*3*3*3*3*3,2,5.0708651542663574e-05,4.8583000898361205e-05,2.3252563764387793e-06,2.1256506443023695e-06,,,
SciPy FFT,1,Real FFT,2187.0,3*3*3*3*3*3*3,2,0.0001031234860420227,8.609741926193237e-05,3.7595548482728565e-06,1.7026066780090337e-05,,,
PyFFTW,1,Real FFT,2187.0,3*3*3*3*3*3*3,2,0.0003880634903907776,0.00011745467782020569,3.0834027740334274e-06,0.0002706088125705719,,,
BetterFFTW,1,Real FFT,2187.0,3*3*3*3*3*3*3,2,5.9917569160461426e-05,5.588382482528687e-05,7.404259171205893e-06,4.033744335174558e-06,,,
NumPy FFT,1,Real FFT,10000.0,2*2*2*2*5*5*5*5,0,0.00019915029406547546,0.0001280754804611206,1.7903273577140347e-05,7.107481360435486e-05,,,
SciPy FFT,1,Real FFT,10000.0,2*2*2*2*5*5*5*5,0,0.00026074424386024475,0.00015130713582038878,3.431096639068581e-06,0.00010943710803985597,,,
PyFFTW,1,Real FFT,10000.0,2*2*2*2*5*5*5*5,0,0.0011230558156967163,0.00015623196959495543,1.2523829257931051e-05,0.0009668238461017608,,,
BetterFFTW,1,Real FFT,10000.0,2*2*2*2*5*5*5*5,0,0.0004594288766384125,8.293166756629944e-05,4.665194828749974e-06,0.000376497209072113,,,
NumPy FFT,1,Real FFT,10000.0,2*2*2*2*5*5*5*5,1,0.00013798847794532776,0.00011950656771659851,3.068497354837408e-06,1.848191022872925e-05,,,
SciPy FFT,1,Real FFT,10000.0,2*2*2*2*5*5*5*5,1,0.00023162364959716797,0.0001498594880104065,4.478975628763158e-06,8.176416158676148e-05,,,
PyFFTW,1,Real FFT,10000.0,2*2*2*2*5*5*5*5,1,0.0004192441701889038,0.0001481190323829651,9.984017805610715e-06,0.00027112513780593874,,,
BetterFFTW,1,Real FFT,10000.0,2*2*2*2*5*5*5*5,1,8.649751543998718e-05,8.062943816184997e-05,1.9457479021996742e-06,5.86807727813721e-06,,,
NumPy FFT,1,Real FFT,10000.0,2*2*2*2*5*5*5*5,2,0.0001313537359237671,0.00012329444289207458,4.042376753394492e-06,8.05929303169251e-06,,,
SciPy FFT,1,Real FFT,10000.0,2*2*2*2*5*5*5*5,2,0.00017638877034187317,0.00016296878457069396,5.7579109756209955e-06,1.3419985771179205e-05,,,
PyFFTW,1,Real FFT,10000.0,2*2*2*2*5*5*5*5,2,0.00040844082832336426,0.0001460053026676178,8.062120030175669e-06,0.00026243552565574646,,,
BetterFFTW,1,Real FFT,10000.0,2*2*2*2*5*5*5*5,2,8.677318692207336e-05,8.350983262062073e-05,4.034879102381748e-06,3.2633543014526367e-06,,,
NumPy FFT,1,Real FFT,12289.0,12289,0,0.0014931447803974152,0.0009944044053554536,2.1637961238660615e-06,0.0004987403750419616,,,
SciPy FFT,1,Real FFT,12289.0,12289,0,0.001332506537437439,0.0007164701819419861,4.3716810999188e-06,0.0006160363554954529,,,
PyFFTW,1,Real FFT,12289.0,12289,0,0.001888759434223175,0.0004955418407917023,1.2188830834561991e-05,0.0013932175934314728,,,
BetterFFTW,1,Real FFT,12289.0,12289,0,0.0010697394609451294,0.0004182405769824982,3.976536590680853e-06,0.0006514988839626312,,,
NumPy FFT,1,Real FFT,12289.0,12289,1,0.0011431463062763214,0.0010033555328845978,1.0072227532954877e-05,0.0001397907733917236,,,
SciPy FFT,1,Real FFT,12289.0,12289,1,0.0007446929812431335,0.0007246047258377075,4.401728737227959e-06,2.0088255405426004e-05,,,
PyFFTW,1,Real FFT,12289.0,12289,1,0.0010558925569057465,0.0004896327853202819,8.1244758327878e-06,0.0005662597715854645,,,
BetterFFTW,1,Real FFT,12289.0,12289,1,0.00044590234756469727,0.00041985735297203066,5.015199151277004e-06,2.6044994592666604e-05,,,
NumPy FFT,1,Real FFT,12289.0,12289,2,0.0010275281965732574,0.0010032080113887786,1.5938724193470127e-05,2.4320185184478847e-05,,,
SciPy FFT,1,Real FFT,12289.0,12289,2,0.0007505752146244049,0.0007171094417572022,5.363637524687172e-06,3.346577286720274e-05,,,
PyFFTW,1,Real FFT,12289.0,12289,2,0.0010302923619747162,0.0004875965416431427,4.7405459456085295e-06,0.0005426958203315734,,,
BetterFFTW,1,Real FFT,12289.0,12289,2,0.00042774155735969543,0.0004198424518108368,4.890025322790128e-06,7.899105548858621e-06,,,
NumPy FFT,1,Real FFT,15625.0,5*5*5*5*5*5,0,0.00028654560446739197,0.00019832774996757506,4.89634300958859e-06,8.82178544998169e-05,,,
SciPy FFT,1,Real FFT,15625.0,5*5*5*5*5*5,0,0.00029546767473220825,0.00020999684929847717,3.562803916758135e-06,8.547082543373108e-05,,,
PyFFTW,1,Real FFT,15625.0,5*5*5*5*5*5,0,0.0006802007555961609,0.00023542344570159912,7.818078512299318e-06,0.00044477730989456177,,,
BetterFFTW,1,Real FFT,15625.0,5*5*5*5*5*5,0,0.000581882894039154,0.0001757204532623291,6.401137864662422e-06,0.00040616244077682493,,,
NumPy FFT,1,Real FFT,15625.0,5*5*5*5*5*5,1,0.0002055056393146515,0.00019255653023719788,9.758355094821904e-07,1.2949109077453613e-05,,,
SciPy FFT,1,Real FFT,15625.0,5*5*5*5*5*5,1,0.0002380944788455963,0.00021126270294189454,3.436367861357197e-06,2.6831775903701777e-05,,,
PyFFTW,1,Real FFT,15625.0,5*5*5*5*5*5,1,0.0005791671574115753,0.00024187490344047547,7.145743598370102e-06,0.00033729225397109984,,,
BetterFFTW,1,Real FFT,15625.0,5*5*5*5*5*5,1,0.0001772083342075348,0.00017058998346328736,5.243879638026683e-06,6.618350744247431e-06,,,
NumPy FFT,1,Real FFT,15625.0,5*5*5*5*5*5,2,0.00020695850253105164,0.00019648820161819459,8.769911159174644e-06,1.047030091285705e-05,,,
SciPy FFT,1,Real FFT,15625.0,5*5*5*5*5*5,2,0.00024352967739105225,0.00020820274949073792,3.771568970999976e-06,3.532692790031433e-05,,,
PyFFTW,1,Real FFT,15625.0,5*5*5*5*5*5,2,0.0005541518330574036,0.0002698659896850586,6.81059502699018e-05,0.00028428584337234495,,,
BetterFFTW,1,Real FFT,15625.0,5*5*5*5*5*5,2,0.0002690069377422333,0.00018050670623779297,9.716502259123233e-06,8.85002315044403e-05,,,
NumPy FFT,1,Real FFT,20000.0,2*2*2*2*2*5*5*5*5,0,0.00037471577525138855,0.00022748485207557678,2.1356761455619063e-06,0.00014723092317581177,,,
SciPy FFT,1,Real FFT,20000.0,2*2*2*2*2*5*5*5*5,0,0.0004188120365142822,0.0002490594983100891,3.9285524634946994e-06,0.00016975253820419314,,,
PyFFTW,1,Real FFT,20000.0,2*2*2*2*2*5*5*5*5,0,0.0007740780711174011,0.00023233219981193541,0.0001151274090791919,0.0005417458713054657,,,
BetterFFTW,1,Real FFT,20000.0,2*2*2*2*2*5*5*5*5,0,0.0005265921354293823,0.00011051222681999207,5.183016406978168e-06,0.0004160799086093903,,,
NumPy FFT,1,Real FFT,20000.0,2*2*2*2*2*5*5*5*5,1,0.00028201937675476074,0.00022493749856948851,3.2628544959227153e-06,5.708187818527223e-05,,,
SciPy FFT,1,Real FFT,20000.0,2*2*2*2*2*5*5*5*5,1,0.0002732127904891968,0.00025095939636230467,9.124870450072365e-06,2.225339412689211e-05,,,
PyFFTW,1,Real FFT,20000.0,2*2*2*2*2*5*5*5*5,1,0.0004333704710006714,0.0002399533987045288,0.00011527186837911162,0.00019341707229614258,,,
BetterFFTW,1,Real FFT,20000.0,2*2*2*2*2*5*5*5*5,1,0.00012056529521942139,0.00011035054922103882,2.6623886398639106e-06,1.0214745998382568e-05,,,
NumPy FFT,1,Real FFT,20000.0,2*2*2*2*2*5*5*5*5,2,0.0002918615937232971,0.00022602081298828125,2.4474663952641816e-06,6.584078073501587e-05,,,
SciPy FFT,1,Real FFT,20000.0,2*2*2*2*2*5*5*5*5,2,0.0002803914248943329,0.00025514066219329835,3.0122130676369783e-06,2.5250762701034535e-05,,,
PyFFTW,1,Real FFT,20000.0,2*2*2*2*2*5*5*5*5,2,0.0004211738705635071,0.00022627711296081544,9.762077849409942e-05,0.00019489675760269164,,,
BetterFFTW,1,Real FFT,20000.0,2*2*2*2*2*5*5*5*5,2,0.00012260675430297852,0.00011469721794128418,4.735681514042412e-06,7.909536361694339e-06,,,
NumPy FFT,1,Real FFT,32805.0,3*3*3*3*3*3*3*3*5,0,0.0006311051547527313,0.00038448497653007505,7.6227889584227474e-06,0.00024662017822265627,,,
SciPy FFT,1,Real FFT,32805.0,3*3*3*3*3*3*3*3*5,0,0.0005170218646526337,0.0003687433898448944,4.888485647221618e-06,0.00014827847480773925,,,
PyFFTW,1,Real FFT,32805.0,3*3*3*3*3*3*3*3*5,0,0.0010686889290809631,0.00039264485239982606,7.634391623155391e-06,0.0006760440766811371,,,
BetterFFTW,1,Real FFT,32805.0,3*3*3*3*3*3*3*3*5,0,0.0011926554143428802,0.00031941160559654234,8.951805026336797e-06,0.0008732438087463379,,,
NumPy FFT,1,Real FFT,32805.0,3*3*3*3*3*3*3*3*5,1,0.0005274228751659393,0.000386926531791687,1.3553213402579996e-05,0.0001404963433742523,,,
SciPy FFT,1,Real FFT,32805.0,3*3*3*3*3*3*3*3*5,1,0.0003913119435310364,0.00037492141127586364,6.245611293946759e-06,1.639053225517274e-05,,,
PyFFTW,1,Real FFT,32805.0,3*3*3*3*3*3*3*3*5,1,0.0010237246751785278,0.00038000345230102537,7.418162854343092e-06,0.0006437212228775025,,,
BetterFFTW,1,Real FFT,32805.0,3*3*3*3*3*3*3*3*5,1,0.00031449273228645325,0.0003205426037311554,4.5030504152192896e-06,-6.0498714447021484e-06,,,
NumPy FFT,1,Real FFT,32805.0,3*3*3*3*3*3*3*3*5,2,0.00039390847086906433,0.0003741450607776642,3.43392595995364e-06,1.9763410091400136e-05,,,
SciPy FFT,1,Real FFT,32805.0,3*3*3*3*3*3*3*3*5,2,0.0003939680755138397,0.00037091970443725586,5.8379057428950795e-06,2.3048371076583862e-05,,,
PyFFTW,1,Real FFT,32805.0,3*3*3*3*3*3*3*3*5,2,0.0010106712579727173,0.00037795528769493105,6.687988098110958e-06,0.0006327159702777862,,,
BetterFFTW,1,Real FFT,32805.0,3*3*3*3*3*3*3*3*5,2,0.00032625719904899597,0.00032367855310440065,1.9129061113210795e-05,2.578645944595326e-06,,,
NumPy FFT,1,Real FFT,65537.0,65537,0,0.009872402995824814,0.007376556098461151,2.8073753520920486e-05,0.002495846897363663,,,
SciPy FFT,1,Real FFT,65537.0,65537,0,0.007583301514387131,0.004476860910654068,6.715892438360258e-05,0.003106440603733063,,,
PyFFTW,1,Real FFT,65537.0,65537,0,0.007115397602319717,0.0023335903882980348,1.55992264520241e-05,0.004781807214021683,,,
BetterFFTW,1,Real FFT,65537.0,65537,0,0.00400736927986145,0.002281530201435089,2.9287826114473215e-05,0.0017258390784263612,,,
NumPy FFT,1,Real FFT,65537.0,65537,1,0.008060425519943237,0.007345043867826462,1.0546322336902125e-05,0.0007153816521167757,,,
SciPy FFT,1,Real FFT,65537.0,65537,1,0.004768606275320053,0.004443743824958801,1.1368610831159306e-05,0.0003248624503612522,,,
PyFFTW,1,Real FFT,65537.0,65537,1,0.0038255490362644196,0.0028229400515556334,0.0006277025205274876,0.0010026089847087862,,,
BetterFFTW,1,Real FFT,65537.0,65537,1,0.0025040097534656525,0.002341756969690323,0.00011106576373948688,0.00016225278377532968,,,
NumPy FFT,1,Real FFT,65537.0,65537,2,0.009863302111625671,0.007333300262689591,6.592654724075085e-05,0.0025300018489360808,,,
SciPy FFT,1,Real FFT,65537.0,65537,2,0.005118012428283691,0.004438607394695282,3.0092679998223863e-05,0.0006794050335884091,,,
PyFFTW,1,Real FFT,65537.0,65537,2,0.00404149666428566,0.0026801206171512605,0.0006450590576907767,0.0013613760471343993,,,
BetterFFTW,1,Real FFT,65537.0,65537,2,0.0023385174572467804,0.002356298267841339,7.925527911372084e-05,-1.7780810594558716e-05,,,
NumPy FFT,1,Real FFT,100000.0,2*2*2*2*2*5*5*5*5*5,0,0.0015848428010940552,0.0010952435433864594,1.0507150320827163e-05,0.0004895992577075958,,,
SciPy FFT,1,Real FFT,100000.0,2*2*2*2*2*5*5*5*5*5,0,0.0014827772974967957,0.0010658137500286103,6.479905085633685e-06,0.0004169635474681854,,,
PyFFTW,1,Real FFT,100000.0,2*2*2*2*2*5*5*5*5*5,0,0.0020280517637729645,0.000756518542766571,0.00034661556089137646,0.0012715332210063933,,,
BetterFFTW,1,Real FFT,100000.0,2*2*2*2*2*5*5*5*5*5,0,0.0009534843266010284,0.00040635615587234495,2.199925863786378e-05,0.0005471281707286835,,,
NumPy FFT,1,Real FFT,100000.0,2*2*2*2*2*5*5*5*5*5,1,0.001119866967201233,0.0010951690375804902,5.408912359415917e-06,2.4697929620742754e-05,,,
SciPy FFT,1,Real FFT,100000.0,2*2*2*2*2*5*5*5*5*5,1,0.0011129938066005707,0.001069064438343048,7.761770633459816e-06,4.3929368257522626e-05,,,
PyFFTW,1,Real FFT,100000.0,2*2*2*2*2*5*5*5*5*5,1,0.0009963400661945343,0.0006252586841583252,0.0001427780779352103,0.0003710813820362091,,,
BetterFFTW,1,Real FFT,100000.0,2*2*2*2*2*5*5*5*5*5,1,0.0004632920026779175,0.0004099823534488678,8.504605680422802e-06,5.330964922904967e-05,,,
NumPy FFT,1,Real FFT,100000.0,2*2*2*2*2*5*5*5*5*5,2,0.001134473830461502,0.0010954707860946656,1.0668990620967331e-05,3.9003044366836504e-05,,,
SciPy FFT,1,Real FFT,100000.0,2*2*2*2*2*5*5*5*5*5,2,0.0010884664952754974,0.001075194776058197,1.1161121579771528e-05,1.3271719217300328e-05,,,
PyFFTW,1,Real FFT,100000.0,2*2*2*2*2*5*5*5*5*5,2,0.0009400397539138794,0.000566796213388443,4.823143808533147e-06,0.00037324354052543636,,,
BetterFFTW,1,Real FFT,100000.0,2*2*2*2*2*5*5*5*5*5,2,0.0004826299846172333,0.0004615835845470428,3.29406003115979e-05,2.104640007019045e-05,,,
NumPy FFT,2,FFT,,"(2,2,2,2,3,3,5) × (2,2,2,2,2,3,5)",0,0.006830010563135147,0.006026618927717209,0.00011661502497232795,0.0008033916354179384,"(720, 480)",720.0,480.0
SciPy FFT,2,FFT,,"(2,2,2,2,3,3,5) × (2,2,2,2,2,3,5)",0,0.007326699793338776,0.006961394846439361,3.387760124312324e-05,0.00036530494689941424,"(720, 480)",720.0,480.0
PyFFTW,2,FFT,,"(2,2,2,2,3,3,5) × (2,2,2,2,2,3,5)",0,0.009563121944665909,0.004641103744506836,0.0010451218641666408,0.004922018200159073,"(720, 480)",720.0,480.0
BetterFFTW,2,FFT,,"(2,2,2,2,3,3,5) × (2,2,2,2,2,3,5)",0,0.0030000917613506317,0.0011127568781375886,2.9463846915221844e-05,0.0018873348832130431,"(720, 480)",720.0,480.0
NumPy FFT,2,FFT,,"(2,2,2,2,3,3,5) × (2,2,2,2,2,3,5)",1,0.006187181919813156,0.005990574508905411,3.179569542223276e-05,0.00019660741090774501,"(720, 480)",720.0,480.0
SciPy FFT,2,FFT,,"(2,2,2,2,3,3,5) × (2,2,2,2,2,3,5)",1,0.007093604654073715,0.0070161566138267515,3.123235872421756e-05,7.744804024696367e-05,"(720, 480)",720.0,480.0
PyFFTW,2,FFT,,"(2,2,2,2,3,3,5) × (2,2,2,2,2,3,5)",1,0.006412044167518616,0.004556725174188614,0.0009597015754484158,0.0018553189933300015,"(720, 480)",720.0,480.0
BetterFFTW,2,FFT,,"(2,2,2,2,3,3,5) × (2,2,2,2,2,3,5)",1,0.001176878809928894,0.001104898750782013,1.5543942043618975e-05,7.19800591468811e-05,"(720, 480)",720.0,480.0
NumPy FFT,2,FFT,,"(2,2,2,2,3,3,5) × (2,2,2,2,2,3,5)",2,0.006196476519107819,0.006014656275510788,7.593548549921495e-05,0.00018182024359703064,"(720, 480)",720.0,480.0
SciPy FFT,2,FFT,,"(2,2,2,2,3,3,5) × (2,2,2,2,2,3,5)",2,0.0070743076503276825,0.00701611340045929,5.763202125578708e-05,5.81942498683926e-05,"(720, 480)",720.0,480.0
PyFFTW,2,FFT,,"(2,2,2,2,3,3,5) × (2,2,2,2,2,3,5)",2,0.006196703761816025,0.00462770015001297,0.0009442553022126869,0.0015690036118030546,"(720, 480)",720.0,480.0
BetterFFTW,2,FFT,,"(2,2,2,2,3,3,5) × (2,2,2,2,2,3,5)",2,0.0013022609055042267,0.001136588305234909,4.6297855528913054e-05,0.00016567260026931771,"(720, 480)",720.0,480.0
NumPy FFT,2,FFT,,"(2,2,2,2,2,2,2,2,5) × (2,2,2,2,3,3,5)",0,0.017716944217681885,0.017294737696647643,0.00021408291133402578,0.0004222065210342414,"(1280, 720)",1280.0,720.0
SciPy FFT,2,FFT,,"(2,2,2,2,2,2,2,2,5) × (2,2,2,2,3,3,5)",0,0.02246890589594841,0.020034848898649215,0.0005652378935866047,0.002434056997299195,"(1280, 720)",1280.0,720.0
PyFFTW,2,FFT,,"(2,2,2,2,2,2,2,2,5) × (2,2,2,2,3,3,5)",0,0.0160585455596447,0.012621646374464035,0.0027491200035754384,0.0034368991851806644,"(1280, 720)",1280.0,720.0
BetterFFTW,2,FFT,,"(2,2,2,2,2,2,2,2,5) × (2,2,2,2,3,3,5)",0,0.007266920059919357,0.0026534512639045716,3.096463094187936e-05,0.004613468796014786,"(1280, 720)",1280.0,720.0
NumPy FFT,2,FFT,,"(2,2,2,2,2,2,2,2,5) × (2,2,2,2,3,3,5)",1,0.017123572528362274,0.01696143075823784,0.00010525296804349705,0.00016214177012443404,"(1280, 720)",1280.0,720.0
SciPy FFT,2,FFT,,"(2,2,2,2,2,2,2,2,5) × (2,2,2,2,3,3,5)",1,0.021369170397520065,0.020958837866783143,0.0001343404361975816,0.0004103325307369225,"(1280, 720)",1280.0,720.0
PyFFTW,2,FFT,,"(2,2,2,2,2,2,2,2,5) × (2,2,2,2,3,3,5)",1,0.016714002937078476,0.011758849769830704,0.0020816382702278703,0.0049551531672477715,"(1280, 720)",1280.0,720.0
BetterFFTW,2,FFT,,"(2,2,2,2,2,2,2,2,5) × (2,2,2,2,3,3,5)",1,0.0027417056262493134,0.0026316292583942412,1.8355774153900303e-05,0.00011007636785507211,"(1280, 720)",1280.0,720.0
NumPy FFT,2,FFT,,"(2,2,2,2,2,2,2,2,5) × (2,2,2,2,3,3,5)",2,0.0170668326318264,0.01697917580604553,0.0001242335340224123,8.765682578086922e-05,"(1280, 720)",1280.0,720.0
SciPy FFT,2,FFT,,"(2,2,2,2,2,2,2,2,5) × (2,2,2,2,3,3,5)",2,0.020887378603219986,0.02089054509997368,0.00010773485879258233,-3.166496753692627e-06,"(1280, 720)",1280.0,720.0
PyFFTW,2,FFT,,"(2,2,2,2,2,2,2,2,5) × (2,2,2,2,3,3,5)",2,0.015664946287870407,0.010495714843273163,0.0003101644589489611,0.005169231444597244,"(1280, 720)",1280.0,720.0
BetterFFTW,2,FFT,,"(2,2,2,2,2,2,2,2,5) × (2,2,2,2,3,3,5)",2,0.0027746595442295074,0.0026423297822475433,4.042040030113379e-05,0.0001323297619819641,"(1280, 720)",1280.0,720.0
NumPy FFT,2,FFT,,"(2,2,2,2,2,2,2,3,5) × (2,2,2,3,3,3,5)",0,0.04153425991535187,0.041536545008420946,0.00010429392298013646,-2.285093069077926e-06,"(1920, 1080)",1920.0,1080.0
SciPy FFT,2,FFT,,"(2,2,2,2,2,2,2,3,5) × (2,2,2,3,3,3,5)",0,0.047854047268629074,0.05017315521836281,0.0016624357460915146,-0.002319107949733737,"(1920, 1080)",1920.0,1080.0
PyFFTW,2,FFT,,"(2,2,2,2,2,2,2,3,5) × (2,2,2,3,3,3,5)",0,0.06914239749312401,0.060476291179656985,0.00760246977532654,0.008666106313467023,"(1920, 1080)",1920.0,1080.0
BetterFFTW,2,FFT,,"(2,2,2,2,2,2,2,3,5) × (2,2,2,3,3,3,5)",0,0.024466272443532944,0.006653814017772675,4.890104482457451e-05,0.01781245842576027,"(1920, 1080)",1920.0,1080.0
NumPy FFT,2,FFT,,"(2,2,2,2,2,2,2,3,5) × (2,2,2,3,3,3,5)",1,0.041943203657865524,0.04109292179346084,0.0001205794725755306,0.0008502818644046811,"(1920, 1080)",1920.0,1080.0
SciPy FFT,2,FFT,,"(2,2,2,2,2,2,2,3,5) × (2,2,2,3,3,3,5)",1,0.04847939312458038,0.04837390705943108,0.0008940470136420083,0.00010548606514930448,"(1920, 1080)",1920.0,1080.0
PyFFTW,2,FFT,,"(2,2,2,2,2,2,2,3,5) × (2,2,2,3,3,3,5)",1,0.06218715384602547,0.04246691539883614,0.0013675463811386166,0.01972023844718933,"(1920, 1080)",1920.0,1080.0
BetterFFTW,2,FFT,,"(2,2,2,2,2,2,2,3,5) × (2,2,2,3,3,3,5)",1,0.007074683904647827,0.006822773069143295,0.00020099584813152766,0.00025191083550453203,"(1920, 1080)",1920.0,1080.0
NumPy FFT,2,FFT,,"(2,2,2,2,2,2,2,3,5) × (2,2,2,3,3,3,5)",2,0.04167897626757622,0.04162464290857315,0.000176036542330857,5.4333359003067017e-05,"(1920, 1080)",1920.0,1080.0
SciPy FFT,2,FFT,,"(2,2,2,2,2,2,2,3,5) × (2,2,2,3,3,3,5)",2,0.04798055440187454,0.050043176114559176,0.0016602012145881123,-0.002062621712684634,"(1920, 1080)",1920.0,1080.0
PyFFTW,2,FFT,,"(2,2,2,2,2,2,2,3,5) × (2,2,2,3,3,3,5)",2,0.06877843663096428,0.05237837582826614,0.013942178032273546,0.016400060802698138,"(1920, 1080)",1920.0,1080.0
BetterFFTW,2,FFT,,"(2,2,2,2,2,2,2,3,5) × (2,2,2,3,3,3,5)",2,0.007251065224409103,0.006686628609895706,4.552577636309657e-05,0.0005644366145133974,"(1920, 1080)",1920.0,1080.0
NumPy FFT,2,FFT,,"(2,2,2,2,2,2,2,2,2,5) × (2,2,2,2,2,3,3,5)",0,0.09452155604958534,0.08686770647764205,0.006222517977399666,0.007653849571943289,"(2560, 1440)",2560.0,1440.0
SciPy FFT,2,FFT,,"(2,2,2,2,2,2,2,2,2,5) × (2,2,2,2,2,3,3,5)",0,0.09309203550219536,0.08930611535906792,0.003146317075370674,0.0037859201431274386,"(2560, 1440)",2560.0,1440.0
PyFFTW,2,FFT,,"(2,2,2,2,2,2,2,2,2,5) × (2,2,2,2,2,3,3,5)",0,0.10862952843308449,0.0987355001270771,0.0003611934995599618,0.009894028306007385,"(2560, 1440)",2560.0,1440.0
BetterFFTW,2,FFT,,"(2,2,2,2,2,2,2,2,2,5) × (2,2,2,2,2,3,3,5)",0,0.04118216782808304,0.011964676529169082,0.00015744307087383212,0.029217491298913954,"(2560, 1440)",2560.0,1440.0
NumPy FFT,2,FFT,,"(2,2,2,2,2,2,2,2,2,5) × (2,2,2,2,2,3,3,5)",1,0.09429669380187988,0.09433883503079414,0.0004479426002826047,-4.214122891425809e-05,"(2560, 1440)",2560.0,1440.0
SciPy FFT,2,FFT,,"(2,2,2,2,2,2,2,2,2,5) × (2,2,2,2,2,3,3,5)",1,0.11445185169577599,0.1159815713763237,0.00262360927929716,-0.0015297196805477142,"(2560, 1440)",2560.0,1440.0
PyFFTW,2,FFT,,"(2,2,2,2,2,2,2,2,2,5) × (2,2,2,2,2,3,3,5)",1,0.10979748144745827,0.05652869716286659,0.0004278268600885643,0.053268784284591676,"(2560, 1440)",2560.0,1440.0
BetterFFTW,2,FFT,,"(2,2,2,2,2,2,2,2,2,5) × (2,2,2,2,2,3,3,5)",1,0.012288659811019897,0.01203428879380226,0.0002817695963667298,0.0002543710172176368,"(2560, 1440)",2560.0,1440.0
NumPy FFT,2,FFT,,"(2,2,2,2,2,2,2,2,2,5) × (2,2,2,2,2,3,3,5)",2,0.09428907185792923,0.09458202198147773,0.0005950293812532458,-0.0002929501235485049,"(2560, 1440)",2560.0,1440.0
SciPy FFT,2,FFT,,"(2,2,2,2,2,2,2,2,2,5) × (2,2,2,2,2,3,3,5)",2,0.11354146897792816,0.11500893682241439,0.003241294266348294,-0.001467467844486231,"(2560, 1440)",2560.0,1440.0
PyFFTW,2,FFT,,"(2,2,2,2,2,2,2,2,2,5) × (2,2,2,2,2,3,3,5)",2,0.10976394638419151,0.05647388324141502,0.0002516457503386643,0.05329006314277649,"(2560, 1440)",2560.0,1440.0
BetterFFTW,2,FFT,,"(2,2,2,2,2,2,2,2,2,5) × (2,2,2,2,2,3,3,5)",2,0.012085966765880585,0.011954938620328903,0.0001489761893183397,0.00013102814555168187,"(2560, 1440)",2560.0,1440.0
NumPy FFT,2,FFT,,"(2,2,2,2,2,2,2,2,3,5) × (2,2,2,2,3,3,3,5)",0,0.21431662142276764,0.21445658355951308,0.002143394330517467,-0.00013996213674544178,"(3840, 2160)",3840.0,2160.0
SciPy FFT,2,FFT,,"(2,2,2,2,2,2,2,2,3,5) × (2,2,2,2,3,3,3,5)",0,0.2579631693661213,0.2587431035935879,0.0020116890355604605,-0.0007799342274665833,"(3840, 2160)",3840.0,2160.0
PyFFTW,2,FFT,,"(2,2,2,2,2,2,2,2,3,5) × (2,2,2,2,3,3,3,5)",0,0.34224484488368034,0.3401034243404865,0.0031581611182054125,0.0021414205431938282,"(3840, 2160)",3840.0,2160.0
BetterFFTW,2,FFT,,"(2,2,2,2,2,2,2,2,3,5) × (2,2,2,2,3,3,3,5)",0,0.12170696631073952,0.03368865326046944,8.459999667453943e-05,0.08801831305027008,"(3840, 2160)",3840.0,2160.0
NumPy FFT,2,FFT,,"(2,2,2,2,2,2,2,2,3,5) × (2,2,2,2,3,3,3,5)",1,0.21380073204636574,0.2129065550863743,0.0009610288936560389,0.000894176959991444,"(3840, 2160)",3840.0,2160.0
SciPy FFT,2,FFT,,"(2,2,2,2,2,2,2,2,3,5) × (2,2,2,2,3,3,3,5)",1,0.2582816332578659,0.25771146565675734,0.00047054613967408883,0.0005701676011085621,"(3840, 2160)",3840.0,2160.0
PyFFTW,2,FFT,,"(2,2,2,2,2,2,2,2,3,5) × (2,2,2,2,3,3,3,5)",1,0.3368663340806961,0.340327151119709,0.003146394796571164,-0.003460817039012909,"(3840, 2160)",3840.0,2160.0
BetterFFTW,2,FFT,,"(2,2,2,2,2,2,2,2,3,5) × (2,2,2,2,3,3,3,5)",1,0.03426283225417137,0.0339219756424427,0.00043983271586835887,0.0003408566117286682,"(3840, 2160)",3840.0,2160.0
NumPy FFT,2,FFT,,"(2,2,2,2,2,2,2,2,3,5) × (2,2,2,2,3,3,3,5)",2,0.21424666047096252,0.21332201436161996,0.0007569217271616268,0.000924646109342564,"(3840, 2160)",3840.0,2160.0
SciPy FFT,2,FFT,,"(2,2,2,2,2,2,2,2,3,5) × (2,2,2,2,3,3,3,5)",2,0.2594315782189369,0.2588899523019791,0.00038076327259363094,0.000541625916957833,"(3840, 2160)",3840.0,2160.0
PyFFTW,2,FFT,,"(2,2,2,2,2,2,2,2,3,5) × (2,2,2,2,3,3,3,5)",2,0.3399915359914303,0.3356676287949085,0.0013108564499914605,0.004323907196521759,"(3840, 2160)",3840.0,2160.0
BetterFFTW,2,FFT,,"(2,2,2,2,2,2,2,2,3,5) × (2,2,2,2,3,3,3,5)",2,0.03402324393391609,0.03389834463596344,0.0002293210423209584,0.00012489929795265337,"(3840, 2160)",3840.0,2160.0
NumPy FFT,2,FFT,,"(11,11,11) × (11,11,11)",0,0.041589900851249695,0.039947794377803804,0.00015694763219375218,0.001642106473445891,"(1331, 1331)",1331.0,1331.0
SciPy FFT,2,FFT,,"(11,11,11) × (11,11,11)",0,0.04722210392355919,0.047884967923164365,0.0008997459007810038,-0.0006628639996051761,"(1331, 1331)",1331.0,1331.0
PyFFTW,2,FFT,,"(11,11,11) × (11,11,11)",0,0.05213991180062294,0.03820605352520943,0.007954525386216313,0.013933858275413512,"(1331, 1331)",1331.0,1331.0
BetterFFTW,2,FFT,,"(11,11,11) × (11,11,11)",0,0.019394293427467346,0.010642345249652862,0.00033425133937014406,0.008751948177814484,"(1331, 1331)",1331.0,1331.0
NumPy FFT,2,FFT,,"(11,11,11) × (11,11,11)",1,0.04026923328638077,0.04005610272288322,0.00044260600771067694,0.0002131305634975461,"(1331, 1331)",1331.0,1331.0
SciPy FFT,2,FFT,,"(11,11,11) × (11,11,11)",1,0.04759303480386734,0.047182632982730864,0.00019935991628516767,0.000410401821136476,"(1331, 1331)",1331.0,1331.0
PyFFTW,2,FFT,,"(11,11,11) × (11,11,11)",1,0.041971493512392044,0.03181288242340088,0.000204973111261411,0.010158611088991167,"(1331, 1331)",1331.0,1331.0
BetterFFTW,2,FFT,,"(11,11,11) × (11,11,11)",1,0.011347584426403046,0.011561664938926696,0.001815522171936425,-0.00021408051252365043,"(1331, 1331)",1331.0,1331.0
NumPy FFT,2,FFT,,"(11,11,11) × (11,11,11)",2,0.03982120007276535,0.03985801935195923,0.0001382074273032651,-3.6819279193876786e-05,"(1331, 1331)",1331.0,1331.0
SciPy FFT,2,FFT,,"(11,11,11) × (11,11,11)",2,0.04692710563540459,0.04709096103906631,0.00015890173351233863,-0.00016385540366172652,"(1331, 1331)",1331.0,1331.0
PyFFTW,2,FFT,,"(11,11,11) × (11,11,11)",2,0.0482996329665184,0.03486948311328888,0.003827074921938415,0.013430149853229524,"(1331, 1331)",1331.0,1331.0
BetterFFTW,2,FFT,,"(11,11,11) × (11,11,11)",2,0.011259835213422775,0.010745365172624588,9.486354026793448e-05,0.0005144700407981873,"(1331, 1331)",1331.0,1331.0
NumPy FFT,2,FFT,,"(2,2,2,2,2,2,2,2,2,2) × (1999)",0,0.09245456755161285,0.09211386144161224,4.535923469629316e-05,0.0003407061100006159,"(1024, 1999)",1024.0,1999.0
SciPy FFT,2,FFT,,"(2,2,2,2,2,2,2,2,2,2) × (1999)",0,0.08689238503575325,0.08695060387253761,0.0001467841833412427,-5.821883678436279e-05,"(1024, 1999)",1024.0,1999.0
PyFFTW,2,FFT,,"(2,2,2,2,2,2,2,2,2,2) × (1999)",0,0.10427536815404892,0.09348136186599731,0.004771484802631792,0.010794006288051605,"(1024, 1999)",1024.0,1999.0
BetterFFTW,2,FFT,,"(2,2,2,2,2,2,2,2,2,2) × (1999)",0,0.022498708218336105,0.014905118942260742,6.708108915617591e-05,0.0075935892760753635,"(1024, 1999)",1024.0,1999.0
NumPy FFT,2,FFT,,"(2,2,2,2,2,2,2,2,2,2) × (1999)",1,0.093446746468544,0.09180639386177063,0.00047892365552700466,0.0016403526067733792,"(1024, 1999)",1024.0,1999.0
SciPy FFT,2,FFT,,"(2,2,2,2,2,2,2,2,2,2) × (1999)",1,0.08730730786919594,0.08715924769639968,0.0002830344866468573,0.00014806017279625494,"(1024, 1999)",1024.0,1999.0
PyFFTW,2,FFT,,"(2,2,2,2,2,2,2,2,2,2) × (1999)",1,0.0923965759575367,0.0885438472032547,0.008580460725040734,0.0038527287542819977,"(1024, 1999)",1024.0,1999.0
BetterFFTW,2,FFT,,"(2,2,2,2,2,2,2,2,2,2) × (1999)",1,0.0160050168633461,0.014916928112506866,7.324515644738365e-05,0.0010880887508392337,"(1024, 1999)",1024.0,1999.0
NumPy FFT,2,FFT,,"(2,2,2,2,2,2,2,2,2,2) × (1999)",2,0.09150294214487076,0.09186599776148796,0.0003140333968934169,-0.00036305561661720276,"(1024, 1999)",1024.0,1999.0
SciPy FFT,2,FFT,,"(2,2,2,2,2,2,2,2,2,2) × (1999)",2,0.08713846281170845,0.08704117462038993,0.00020347346752518447,9.728819131851751e-05,"(1024, 1999)",1024.0,1999.0
PyFFTW,2,FFT,,"(2,2,2,2,2,2,2,2,2,2) × (1999)",2,0.09207547083497047,0.09062740132212639,0.009343639460456632,0.001448069512844083,"(1024, 1999)",1024.0,1999.0
BetterFFTW,2,FFT,,"(2,2,2,2,2,2,2,2,2,2) × (1999)",2,0.015312131494283676,0.014894146472215652,0.00011035966935385886,0.0004179850220680237,"(1024, 1999)",1024.0,1999.0
NumPy FFT,2,FFT,,"(3,3,3,3,3,3,3) × (3,3,3,3,3,3,3)",0,0.1291818879544735,0.11965960040688514,0.0073320127343339545,0.009522287547588354,"(2187, 2187)",2187.0,2187.0
SciPy FFT,2,FFT,,"(3,3,3,3,3,3,3) × (3,3,3,3,3,3,3)",0,0.13932106643915176,0.13262417241930963,0.0031381616320606117,0.006696894019842137,"(2187, 2187)",2187.0,2187.0
PyFFTW,2,FFT,,"(3,3,3,3,3,3,3) × (3,3,3,3,3,3,3)",0,0.18423527851700783,0.1701521910727024,0.0016751174464580303,0.01408308744430542,"(2187, 2187)",2187.0,2187.0
BetterFFTW,2,FFT,,"(3,3,3,3,3,3,3) × (3,3,3,3,3,3,3)",0,0.059865254908800125,0.021451862156391145,0.00019537655572385082,0.03841339275240898,"(2187, 2187)",2187.0,2187.0
NumPy FFT,2,FFT,,"(3,3,3,3,3,3,3) × (3,3,3,3,3,3,3)",1,0.13032682985067368,0.1315440408885479,0.0009439104462571968,-0.0012172110378742274,"(2187, 2187)",2187.0,2187.0
SciPy FFT,2,FFT,,"(3,3,3,3,3,3,3) × (3,3,3,3,3,3,3)",1,0.14159729704260826,0.13692187666893005,0.00023505980207454274,0.004675420373678213,"(2187, 2187)",2187.0,2187.0
PyFFTW,2,FFT,,"(3,3,3,3,3,3,3) × (3,3,3,3,3,3,3)",1,0.18444052711129189,0.18505399972200393,0.0006472053704917902,-0.0006134726107120403,"(2187, 2187)",2187.0,2187.0
BetterFFTW,2,FFT,,"(3,3,3,3,3,3,3) × (3,3,3,3,3,3,3)",1,0.02139967307448387,0.021505338698625566,0.0001981103987043548,-0.0001056656241416945,"(2187, 2187)",2187.0,2187.0
NumPy FFT,2,FFT,,"(3,3,3,3,3,3,3) × (3,3,3,3,3,3,3)",2,0.13060599192976952,0.13105734512209893,0.0003230286985182356,-0.00045135319232941784,"(2187, 2187)",2187.0,2187.0
SciPy FFT,2,FFT,,"(3,3,3,3,3,3,3) × (3,3,3,3,3,3,3)",2,0.136283777654171,0.13650089502334595,0.000465799426814307,-0.00021711736917495728,"(2187, 2187)",2187.0,2187.0
PyFFTW,2,FFT,,"(3,3,3,3,3,3,3) × (3,3,3,3,3,3,3)",2,0.1866096891462803,0.1854101337492466,0.001333903571260722,0.0011995553970337025,"(2187, 2187)",2187.0,2187.0
BetterFFTW,2,FFT,,"(3,3,3,3,3,3,3) × (3,3,3,3,3,3,3)",2,0.021817781031131744,0.021504683792591094,0.00010872080035047576,0.0003130972385406508,"(2187, 2187)",2187.0,2187.0
NumPy FFT,2,Real FFT,,"(2,2,2,2,3,3,5) × (2,2,2,2,2,3,5)",0,0.004263892769813538,0.00305526927113533,7.35521475019179e-06,0.0012086234986782075,"(720, 480)",720.0,480.0
SciPy FFT,2,Real FFT,,"(2,2,2,2,3,3,5) × (2,2,2,2,2,3,5)",0,0.0025755278766155243,0.0024568066000938416,3.107079698867877e-05,0.00011872127652168274,"(720, 480)",720.0,480.0
PyFFTW,2,Real FFT,,"(2,2,2,2,3,3,5) × (2,2,2,2,2,3,5)",0,0.0053616054356098175,0.0019318513572216035,1.756499707516155e-05,0.003429754078388214,"(720, 480)",720.0,480.0
BetterFFTW,2,Real FFT,,"(2,2,2,2,3,3,5) × (2,2,2,2,2,3,5)",0,0.00218002125620842,0.0005825050175189972,7.902247492025581e-06,0.0015975162386894226,"(720, 480)",720.0,480.0
NumPy FFT,2,Real FFT,,"(2,2,2,2,3,3,5) × (2,2,2,2,2,3,5)",1,0.0032155029475688934,0.0030740439891815186,1.9336728188859017e-05,0.0001414589583873748,"(720, 480)",720.0,480.0
SciPy FFT,2,Real FFT,,"(2,2,2,2,3,3,5) × (2,2,2,2,2,3,5)",1,0.0025119855999946594,0.002467392385005951,6.439297523997931e-05,4.459321498870858e-05,"(720, 480)",720.0,480.0
PyFFTW,2,Real FFT,,"(2,2,2,2,3,3,5) × (2,2,2,2,2,3,5)",1,0.004751063883304596,0.0019757941365242003,5.753527856640377e-05,0.0027752697467803957,"(720, 480)",720.0,480.0
BetterFFTW,2,Real FFT,,"(2,2,2,2,3,3,5) × (2,2,2,2,2,3,5)",1,0.0006200559437274933,0.0005894757807254792,1.40383248446988e-05,3.058016300201412e-05,"(720, 480)",720.0,480.0
NumPy FFT,2,Real FFT,,"(2,2,2,2,3,3,5) × (2,2,2,2,2,3,5)",2,0.003211516886949539,0.003050722926855087,4.84394652229476e-05,0.00016079396009445208,"(720, 480)",720.0,480.0
SciPy FFT,2,Real FFT,,"(2,2,2,2,3,3,5) × (2,2,2,2,2,3,5)",2,0.0024630986154079437,0.002435065805912018,1.249617077139572e-05,2.8032809495925903e-05,"(720, 480)",720.0,480.0
PyFFTW,2,Real FFT,,"(2,2,2,2,3,3,5) × (2,2,2,2,2,3,5)",2,0.003265906125307083,0.0019491329789161683,2.281621339917618e-05,0.0013167731463909148,"(720, 480)",720.0,480.0
BetterFFTW,2,Real FFT,,"(2,2,2,2,3,3,5) × (2,2,2,2,2,3,5)",2,0.0006228797137737274,0.0005959644913673401,2.5341019063086464e-05,2.691522240638733e-05,"(720, 480)",720.0,480.0
NumPy FFT,2,Real FFT,,"(2,2,2,2,2,2,2,2,5) × (2,2,2,2,3,3,5)",0,0.011248916387557983,0.008474626392126084,4.041175172508854e-05,0.0027742899954318993,"(1280, 720)",1280.0,720.0
SciPy FFT,2,Real FFT,,"(2,2,2,2,2,2,2,2,5) × (2,2,2,2,3,3,5)",0,0.006446968764066696,0.006298638880252838,2.9286588831289616e-05,0.00014832988381385803,"(1280, 720)",1280.0,720.0
PyFFTW,2,Real FFT,,"(2,2,2,2,2,2,2,2,5) × (2,2,2,2,3,3,5)",0,0.00867154449224472,0.006760003417730332,0.0021293128207261042,0.0019115410745143887,"(1280, 720)",1280.0,720.0
BetterFFTW,2,Real FFT,,"(2,2,2,2,2,2,2,2,5) × (2,2,2,2,3,3,5)",0,0.005330417305231094,0.0013680614531040192,2.543217357506546e-05,0.003962355852127075,"(1280, 720)",1280.0,720.0
NumPy FFT,2,Real FFT,,"(2,2,2,2,2,2,2,2,5) × (2,2,2,2,3,3,5)",1,0.008590500801801682,0.00843813270330429,3.686702995914117e-05,0.00015236809849739075,"(1280, 720)",1280.0,720.0
SciPy FFT,2,Real FFT,,"(2,2,2,2,2,2,2,2,5) × (2,2,2,2,3,3,5)",1,0.006389446556568146,0.006325845420360565,2.1125166900898292e-05,6.360113620758074e-05,"(1280, 720)",1280.0,720.0
PyFFTW,2,Real FFT,,"(2,2,2,2,2,2,2,2,5) × (2,2,2,2,3,3,5)",1,0.008056972175836563,0.005144307017326355,0.00018275903854707696,0.0029126651585102085,"(1280, 720)",1280.0,720.0
BetterFFTW,2,Real FFT,,"(2,2,2,2,2,2,2,2,5) × (2,2,2,2,3,3,5)",1,0.0014423243701457977,0.0013538777828216552,1.8480146586206856e-05,8.84465873241425e-05,"(1280, 720)",1280.0,720.0
NumPy FFT,2,Real FFT,,"(2,2,2,2,2,2,2,2,5) × (2,2,2,2,3,3,5)",2,0.00864984467625618,0.008428719639778138,5.2048963281393596e-05,0.0002211250364780419,"(1280, 720)",1280.0,720.0
SciPy FFT,2,Real FFT,,"(2,2,2,2,2,2,2,2,5) × (2,2,2,2,3,3,5)",2,0.006367240101099014,0.006337682157754898,3.0114723328985934e-05,2.9557943344115864e-05,"(1280, 720)",1280.0,720.0
PyFFTW,2,Real FFT,,"(2,2,2,2,2,2,2,2,5) × (2,2,2,2,3,3,5)",2,0.008195605129003525,0.005143822729587555,0.0001437034467690281,0.00305178239941597,"(1280, 720)",1280.0,720.0
BetterFFTW,2,Real FFT,,"(2,2,2,2,2,2,2,2,5) × (2,2,2,2,3,3,5)",2,0.0014340616762638092,0.0013929873704910279,1.1603830537990372e-05,4.107430577278133e-05,"(1280, 720)",1280.0,720.0
NumPy FFT,2,Real FFT,,"(2,2,2,2,2,2,2,3,5) × (2,2,2,3,3,3,5)",0,0.02169421687722206,0.020825080573558807,8.196460509274231e-05,0.0008691363036632538,"(1920, 1080)",1920.0,1080.0
SciPy FFT,2,Real FFT,,"(2,2,2,2,2,2,2,3,5) × (2,2,2,3,3,3,5)",0,0.01616627722978592,0.016013769060373308,6.826513180225944e-05,0.00015250816941261153,"(1920, 1080)",1920.0,1080.0
PyFFTW,2,Real FFT,,"(2,2,2,2,2,2,2,3,5) × (2,2,2,3,3,3,5)",0,0.026583708822727203,0.020195569843053818,0.00023627964400757827,0.006388138979673386,"(1920, 1080)",1920.0,1080.0
BetterFFTW,2,Real FFT,,"(2,2,2,2,2,2,2,3,5) × (2,2,2,3,3,3,5)",0,0.007691346108913422,0.0032359637320041657,4.77411405624015e-05,0.004455382376909256,"(1920, 1080)",1920.0,1080.0
NumPy FFT,2,Real FFT,,"(2,2,2,2,2,2,2,3,5) × (2,2,2,3,3,3,5)",1,0.021053649485111237,0.021010252088308333,0.00013697464413776455,4.339739680290361e-05,"(1920, 1080)",1920.0,1080.0
SciPy FFT,2,Real FFT,,"(2,2,2,2,2,2,2,3,5) × (2,2,2,3,3,3,5)",1,0.016122281551361084,0.01600794419646263,5.571370284585478e-05,0.00011433735489845345,"(1920, 1080)",1920.0,1080.0
PyFFTW,2,Real FFT,,"(2,2,2,2,2,2,2,3,5) × (2,2,2,3,3,3,5)",1,0.03179749473929405,0.023434027284383773,0.004400947618862621,0.008363467454910279,"(1920, 1080)",1920.0,1080.0
BetterFFTW,2,Real FFT,,"(2,2,2,2,2,2,2,3,5) × (2,2,2,3,3,3,5)",1,0.0034903325140476227,0.003322475403547287,0.00033226399351755817,0.00016785711050033587,"(1920, 1080)",1920.0,1080.0
NumPy FFT,2,Real FFT,,"(2,2,2,2,2,2,2,3,5) × (2,2,2,3,3,3,5)",2,0.02101251855492592,0.020966484397649764,0.00016743728103161718,4.603415727615426e-05,"(1920, 1080)",1920.0,1080.0
SciPy FFT,2,Real FFT,,"(2,2,2,2,2,2,2,3,5) × (2,2,2,3,3,3,5)",2,0.01752597466111183,0.016501665115356445,0.0006336925799157789,0.0010243095457553864,"(1920, 1080)",1920.0,1080.0
PyFFTW,2,Real FFT,,"(2,2,2,2,2,2,2,3,5) × (2,2,2,3,3,3,5)",2,0.03148196265101433,0.021152698248624802,0.002493819151418245,0.010329264402389526,"(1920, 1080)",1920.0,1080.0
BetterFFTW,2,Real FFT,,"(2,2,2,2,2,2,2,3,5) × (2,2,2,3,3,3,5)",2,0.003361061215400696,0.00320923775434494,4.0424483694780814e-05,0.0001518234610557558,"(1920, 1080)",1920.0,1080.0
NumPy FFT,2,Real FFT,,"(2,2,2,2,2,2,2,2,2,5) × (2,2,2,2,2,3,3,5)",0,0.039226409047842026,0.03775242194533348,0.00010633444526798506,0.0014739871025085463,"(2560, 1440)",2560.0,1440.0
SciPy FFT,2,Real FFT,,"(2,2,2,2,2,2,2,2,2,5) × (2,2,2,2,2,3,3,5)",0,0.026391059160232544,0.026331210136413576,9.586224096185874e-05,5.984902381896834e-05,"(2560, 1440)",2560.0,1440.0
PyFFTW,2,Real FFT,,"(2,2,2,2,2,2,2,2,2,5) × (2,2,2,2,2,3,3,5)",0,0.050503090023994446,0.031730201095342636,0.009886849735032437,0.01877288892865181,"(2560, 1440)",2560.0,1440.0
BetterFFTW,2,Real FFT,,"(2,2,2,2,2,2,2,2,2,5) × (2,2,2,2,2,3,3,5)",0,0.01320253312587738,0.005780872702598572,0.0010159798368695493,0.007421660423278809,"(2560, 1440)",2560.0,1440.0
NumPy FFT,2,Real FFT,,"(2,2,2,2,2,2,2,2,2,5) × (2,2,2,2,2,3,3,5)",1,0.037692222744226456,0.03790515884757042,0.000349542373860064,-0.00021293610334396224,"(2560, 1440)",2560.0,1440.0
SciPy FFT,2,Real FFT,,"(2,2,2,2,2,2,2,2,2,5) × (2,2,2,2,2,3,3,5)",1,0.026658497750759125,0.026313894987106325,7.239787648673531e-05,0.0003446027636528001,"(2560, 1440)",2560.0,1440.0
PyFFTW,2,Real FFT,,"(2,2,2,2,2,2,2,2,2,5) × (2,2,2,2,2,3,3,5)",1,0.03778747469186783,0.02753800228238106,0.006564639659072307,0.01024947240948677,"(2560, 1440)",2560.0,1440.0
BetterFFTW,2,Real FFT,,"(2,2,2,2,2,2,2,2,2,5) × (2,2,2,2,2,3,3,5)",1,0.005513172596693039,0.005338569730520248,6.835184537337872e-05,0.00017460286617279087,"(2560, 1440)",2560.0,1440.0
NumPy FFT,2,Real FFT,,"(2,2,2,2,2,2,2,2,2,5) × (2,2,2,2,2,3,3,5)",2,0.03795747831463814,0.03762993142008782,0.0001546496436413582,0.0003275468945503207,"(2560, 1440)",2560.0,1440.0
SciPy FFT,2,Real FFT,,"(2,2,2,2,2,2,2,2,2,5) × (2,2,2,2,2,3,3,5)",2,0.02633253112435341,0.026324772089719773,7.075867737152449e-05,7.75903463363578e-06,"(2560, 1440)",2560.0,1440.0
PyFFTW,2,Real FFT,,"(2,2,2,2,2,2,2,2,2,5) × (2,2,2,2,2,3,3,5)",2,0.03475728631019592,0.026941714435815813,0.004006531955311305,0.00781557187438011,"(2560, 1440)",2560.0,1440.0
BetterFFTW,2,Real FFT,,"(2,2,2,2,2,2,2,2,2,5) × (2,2,2,2,2,3,3,5)",2,0.005566146224737167,0.00532253161072731,2.7891654467022383e-05,0.00024361461400985735,"(2560, 1440)",2560.0,1440.0
NumPy FFT,2,Real FFT,,"(2,2,2,2,2,2,2,2,3,5) × (2,2,2,2,3,3,3,5)",0,0.10109258070588112,0.10128068551421165,0.0012280541993309356,-0.0001881048083305359,"(3840, 2160)",3840.0,2160.0
SciPy FFT,2,Real FFT,,"(2,2,2,2,2,2,2,2,3,5) × (2,2,2,2,3,3,3,5)",0,0.07494427636265755,0.07445830851793289,0.0001536429903234139,0.00048596784472465515,"(3840, 2160)",3840.0,2160.0
PyFFTW,2,Real FFT,,"(2,2,2,2,2,2,2,2,3,5) × (2,2,2,2,3,3,3,5)",0,0.13716485351324081,0.13977502137422562,0.005530636496911533,-0.002610167860984808,"(3840, 2160)",3840.0,2160.0
BetterFFTW,2,Real FFT,,"(2,2,2,2,2,2,2,2,3,5) × (2,2,2,2,3,3,3,5)",0,0.042617931962013245,0.012809783220291138,0.00021834268746351502,0.029808148741722107,"(3840, 2160)",3840.0,2160.0
NumPy FFT,2,Real FFT,,"(2,2,2,2,2,2,2,2,3,5) × (2,2,2,2,3,3,3,5)",1,0.09414496272802353,0.09748835489153862,0.0034418739892880653,-0.003343392163515091,"(3840, 2160)",3840.0,2160.0
SciPy FFT,2,Real FFT,,"(2,2,2,2,2,2,2,2,3,5) × (2,2,2,2,3,3,3,5)",1,0.06846944615244865,0.07206727415323258,0.0024734416516770854,-0.003597828000783926,"(3840, 2160)",3840.0,2160.0
PyFFTW,2,Real FFT,,"(2,2,2,2,2,2,2,2,3,5) × (2,2,2,2,3,3,3,5)",1,0.124630156904459,0.13526378720998763,0.010155468818235184,-0.010633630305528635,"(3840, 2160)",3840.0,2160.0
BetterFFTW,2,Real FFT,,"(2,2,2,2,2,2,2,2,3,5) × (2,2,2,2,3,3,3,5)",1,0.013235248625278473,0.012732397764921188,6.874679511313715e-05,0.0005028508603572845,"(3840, 2160)",3840.0,2160.0
NumPy FFT,2,Real FFT,,"(2,2,2,2,2,2,2,2,3,5) × (2,2,2,2,3,3,3,5)",2,0.10040946677327156,0.1009834125638008,0.0012864579905501065,-0.0005739457905292455,"(3840, 2160)",3840.0,2160.0
SciPy FFT,2,Real FFT,,"(2,2,2,2,2,2,2,2,3,5) × (2,2,2,2,3,3,3,5)",2,0.07469532638788223,0.07443276792764664,0.0007203492226381696,0.0002625584602355957,"(3840, 2160)",3840.0,2160.0
PyFFTW,2,Real FFT,,"(2,2,2,2,2,2,2,2,3,5) × (2,2,2,2,3,3,3,5)",2,0.1366008035838604,0.13622409999370574,0.0008619656394671431,0.0003767035901546534,"(3840, 2160)",3840.0,2160.0
BetterFFTW,2,Real FFT,,"(2,2,2,2,2,2,2,2,3,5) × (2,2,2,2,3,3,3,5)",2,0.01342703029513359,0.01278402954339981,0.00010214062104574896,0.0006430007517337806,"(3840, 2160)",3840.0,2160.0
NumPy FFT,2,Real FFT,,"(11,11,11) × (11,11,11)",0,0.02442067861557007,0.023634904623031618,8.997423516984214e-05,0.0007857739925384508,"(1331, 1331)",1331.0,1331.0
SciPy FFT,2,Real FFT,,"(11,11,11) × (11,11,11)",0,0.02097409963607788,0.02117815986275673,0.0002923846967368178,-0.00020406022667884827,"(1331, 1331)",1331.0,1331.0
PyFFTW,2,Real FFT,,"(11,11,11) × (11,11,11)",0,0.030821409076452255,0.026737432926893234,0.0028188212670877677,0.004083976149559021,"(1331, 1331)",1331.0,1331.0
BetterFFTW,2,Real FFT,,"(11,11,11) × (11,11,11)",0,0.009851604700088501,0.00611875131726265,2.4554130905771726e-05,0.0037328533828258513,"(1331, 1331)",1331.0,1331.0
NumPy FFT,2,Real FFT,,"(11,11,11) × (11,11,11)",1,0.023848675191402435,0.023521915823221207,0.00018157129079772756,0.00032675936818122794,"(1331, 1331)",1331.0,1331.0
SciPy FFT,2,Real FFT,,"(11,11,11) × (11,11,11)",1,0.0207570418715477,0.020841100066900254,0.00011240066979309732,-8.405819535255502e-05,"(1331, 1331)",1331.0,1331.0
PyFFTW,2,Real FFT,,"(11,11,11) × (11,11,11)",1,0.030338965356349945,0.024473433196544648,0.00012801993927995256,0.005865532159805297,"(1331, 1331)",1331.0,1331.0
BetterFFTW,2,Real FFT,,"(11,11,11) × (11,11,11)",1,0.006185296922922134,0.006105856597423553,4.038784067072765e-05,7.944032549858128e-05,"(1331, 1331)",1331.0,1331.0
NumPy FFT,2,Real FFT,,"(11,11,11) × (11,11,11)",2,0.023828059434890747,0.023540137708187102,0.00014844056475100926,0.0002879217267036452,"(1331, 1331)",1331.0,1331.0
SciPy FFT,2,Real FFT,,"(11,11,11) × (11,11,11)",2,0.021573249250650406,0.021123696118593216,0.00039039258925987,0.00044955313205718994,"(1331, 1331)",1331.0,1331.0
PyFFTW,2,Real FFT,,"(11,11,11) × (11,11,11)",2,0.030124317854642868,0.02584981471300125,0.002439897892634535,0.0042745031416416175,"(1331, 1331)",1331.0,1331.0
BetterFFTW,2,Real FFT,,"(11,11,11) × (11,11,11)",2,0.006157960742712021,0.006162093579769134,7.700872758759578e-05,-4.1328370571133005e-06,"(1331, 1331)",1331.0,1331.0
NumPy FFT,2,Real FFT,,"(2,2,2,2,2,2,2,2,2,2) × (1999)",0,0.08348893374204636,0.0836779735982418,0.0007034715110125826,-0.00018903985619544983,"(1024, 1999)",1024.0,1999.0
SciPy FFT,2,Real FFT,,"(2,2,2,2,2,2,2,2,2,2) × (1999)",0,0.06343196704983711,0.06348470374941825,0.0002688889956450308,-5.273669958114069e-05,"(1024, 1999)",1024.0,1999.0
PyFFTW,2,Real FFT,,"(2,2,2,2,2,2,2,2,2,2) × (1999)",0,0.10222754999995232,0.10196759402751923,0.0018487029942405326,0.00025995597243308466,"(1024, 1999)",1024.0,1999.0
BetterFFTW,2,Real FFT,,"(2,2,2,2,2,2,2,2,2,2) × (1999)",0,0.02721620723605156,0.022653108835220336,5.0387204124847515e-05,0.004563098400831224,"(1024, 1999)",1024.0,1999.0
NumPy FFT,2,Real FFT,,"(2,2,2,2,2,2,2,2,2,2) × (1999)",1,0.08395009860396385,0.08331368118524551,0.0006677045887383356,0.000636417418718338,"(1024, 1999)",1024.0,1999.0
SciPy FFT,2,Real FFT,,"(2,2,2,2,2,2,2,2,2,2) × (1999)",1,0.0639980360865593,0.06321571171283721,0.0003931511890551647,0.000782324373722082,"(1024, 1999)",1024.0,1999.0
PyFFTW,2,Real FFT,,"(2,2,2,2,2,2,2,2,2,2) × (1999)",1,0.10189416632056236,0.09589785113930702,0.002858668276391239,0.005996315181255346,"(1024, 1999)",1024.0,1999.0
BetterFFTW,2,Real FFT,,"(2,2,2,2,2,2,2,2,2,2) × (1999)",1,0.023567572236061096,0.022601504623889924,4.1261869857351334e-05,0.0009660676121711724,"(1024, 1999)",1024.0,1999.0
NumPy FFT,2,Real FFT,,"(2,2,2,2,2,2,2,2,2,2) × (1999)",2,0.0833086371421814,0.08307167664170265,0.00014764477020991912,0.00023696050047875006,"(1024, 1999)",1024.0,1999.0
SciPy FFT,2,Real FFT,,"(2,2,2,2,2,2,2,2,2,2) × (1999)",2,0.06303858757019043,0.06311402171850204,3.927920379610148e-05,-7.543414831161221e-05,"(1024, 1999)",1024.0,1999.0
PyFFTW,2,Real FFT,,"(2,2,2,2,2,2,2,2,2,2) × (1999)",2,0.10139210149645805,0.09465085119009017,0.00047125625583075564,0.00674125030636788,"(1024, 1999)",1024.0,1999.0
BetterFFTW,2,Real FFT,,"(2,2,2,2,2,2,2,2,2,2) × (1999)",2,0.02279600128531456,0.022618021816015244,2.2865384545702365e-05,0.0001779794692993164,"(1024, 1999)",1024.0,1999.0
NumPy FFT,2,Real FFT,,"(3,3,3,3,3,3,3) × (3,3,3,3,3,3,3)",0,0.06594254821538925,0.06367466300725937,0.0018417970563417807,0.0022678852081298856,"(2187, 2187)",2187.0,2187.0
SciPy FFT,2,Real FFT,,"(3,3,3,3,3,3,3) × (3,3,3,3,3,3,3)",0,0.052690539509058,0.050058667361736295,0.002084761162533753,0.002631872147321704,"(2187, 2187)",2187.0,2187.0
PyFFTW,2,Real FFT,,"(3,3,3,3,3,3,3) × (3,3,3,3,3,3,3)",0,0.10109162703156471,0.09451980888843536,0.0030931441727787483,0.006571818143129349,"(2187, 2187)",2187.0,2187.0
BetterFFTW,2,Real FFT,,"(3,3,3,3,3,3,3) × (3,3,3,3,3,3,3)",0,0.04182404279708862,0.013717608898878098,0.00014893206143002603,0.028106433898210527,"(2187, 2187)",2187.0,2187.0
NumPy FFT,2,Real FFT,,"(3,3,3,3,3,3,3) × (3,3,3,3,3,3,3)",1,0.06536603718996048,0.06312478929758072,0.0016756397345591306,0.002241247892379755,"(2187, 2187)",2187.0,2187.0
SciPy FFT,2,Real FFT,,"(3,3,3,3,3,3,3) × (3,3,3,3,3,3,3)",1,0.053469084203243256,0.05031644105911255,0.0018334666044044776,0.003152643144130704,"(2187, 2187)",2187.0,2187.0
PyFFTW,2,Real FFT,,"(3,3,3,3,3,3,3) × (3,3,3,3,3,3,3)",1,0.10125967115163803,0.09586684927344322,0.003226026054485474,0.0053928218781948145,"(2187, 2187)",2187.0,2187.0
BetterFFTW,2,Real FFT,,"(3,3,3,3,3,3,3) × (3,3,3,3,3,3,3)",1,0.014617033302783966,0.013767853379249573,0.00016494321437834065,0.0008491799235343933,"(2187, 2187)",2187.0,2187.0
NumPy FFT,2,Real FFT,,"(3,3,3,3,3,3,3) × (3,3,3,3,3,3,3)",2,0.06549277901649475,0.0632616400718689,0.001739010209282292,0.0022311389446258573,"(2187, 2187)",2187.0,2187.0
SciPy FFT,2,Real FFT,,"(3,3,3,3,3,3,3) × (3,3,3,3,3,3,3)",2,0.05269405245780945,0.05048151761293411,0.0022248836456861877,0.0022125348448753385,"(2187, 2187)",2187.0,2187.0
PyFFTW,2,Real FFT,,"(3,3,3,3,3,3,3) × (3,3,3,3,3,3,3)",2,0.10036936774849892,0.09614031910896301,0.004046217747260331,0.0042290486395359095,"(2187, 2187)",2187.0,2187.0
BetterFFTW,2,Real FFT,,"(3,3,3,3,3,3,3) × (3,3,3,3,3,3,3)",2,0.013957761228084564,0.013792436569929123,0.0001732713984017446,0.00016532465815544128,"(2187, 2187)",2187.0,2187.0
