implementation,transform,shape,dtype,dataset_idx,thread_count,avg_time,std_dev,reference_time,speedup,efficiency,memory_delta_mb,theoretical_max_speedup
PyFFTW,2D FFT,"(2048, 2048)",float32,0,1,0.04948124885559082,0.006652259478366813,0.18866400718688964,3.812838429715032,3.812838429715032,25.5890625,1
BetterFFTW,2D FFT,"(2048, 2048)",float32,0,1,0.03841519355773926,0.00027527413083717393,0.03811039924621582,0.9920657874321179,0.9920657874321179,0.0,1
NumPy FFT,2D FFT,"(2048, 2048)",float32,0,1,0.12570562362670898,0.0007966716289773918,0.12348427772521972,0.9823289854709628,0.9823289854709628,0.0,1
PyFFTW,2D FFT,"(2048, 2048)",float32,0,2,0.10762014389038085,0.006965563645175498,0.18866400718688964,1.7530547754987023,0.8765273877493511,12.76953125,2
BetterFFTW,2D FFT,"(2048, 2048)",float32,0,2,0.038552379608154295,0.0004857020927512575,0.03811039924621582,0.9885355880381249,0.49426779401906246,0.0,2
PyFFTW,2D FFT,"(2048, 2048)",float32,0,4,0.016854143142700194,0.005953529211485514,0.18866400718688964,11.19392457922746,2.798481144806865,6.37578125,2
BetterFFTW,2D FFT,"(2048, 2048)",float32,0,4,0.03831062316894531,0.00025615546566229295,0.03811039924621582,0.9947736709516176,0.2486934177379044,0.0,2
PyFFTW,2D FFT,"(2048, 2048)",float32,0,6,0.042607450485229494,0.007817329377355988,0.18866400718688964,4.427958139675426,0.7379930232792377,25.55625,2
BetterFFTW,2D FFT,"(2048, 2048)",float32,0,6,0.03815174102783203,0.00013913982448309615,0.03811039924621582,0.9989163854518186,0.16648606424196977,0.0,2
PyFFTW,2D FFT,"(2048, 2048)",float32,0,8,0.029853630065917968,0.005997551721322756,0.18866400718688964,6.319633718590075,0.7899542148237594,6.39921875,2
BetterFFTW,2D FFT,"(2048, 2048)",float32,0,8,0.03831701278686524,0.00025709949697259654,0.03811039924621582,0.9946077857948196,0.12432597322435245,0.0,2
PyFFTW,2D FFT,"(2048, 2048)",float32,0,10,0.03278532028198242,0.012776465133918103,0.18866400718688964,5.754526890822301,0.57545268908223,19.17890625,2
BetterFFTW,2D FFT,"(2048, 2048)",float32,0,10,0.038489580154418945,0.0004800667588628913,0.03811039924621582,0.9901484789732218,0.09901484789732218,0.0,2
PyFFTW,2D FFT,"(2048, 2048)",float32,0,12,0.022921991348266602,0.006126130031959473,0.18866400718688964,8.230698821948414,0.6858915684957011,6.38203125,2
BetterFFTW,2D FFT,"(2048, 2048)",float32,0,12,0.03822145462036133,0.00026327317376844187,0.03811039924621582,0.9970944231388216,0.08309120192823513,0.0,2
PyFFTW,2D FFT,"(2048, 2048)",float32,0,16,0.019481086730957033,0.006084307469175108,0.18866400718688964,9.684470368230905,0.6052793980144315,6.38046875,2
BetterFFTW,2D FFT,"(2048, 2048)",float32,0,16,0.03808012008666992,9.747356318113395e-05,0.03811039924621582,1.0007951434889644,0.06254969646806027,0.0,2
PyFFTW,2D FFT,"(2048, 2048)",float32,0,32,0.01965160369873047,0.006452712839287423,0.18866400718688964,9.600438217623822,0.3000136943007444,6.4015625,2
BetterFFTW,2D FFT,"(2048, 2048)",float32,0,32,0.038329124450683594,0.00020864167739755536,0.03811039924621582,0.9942934985444503,0.03107167182951407,0.0,2
PyFFTW,2D FFT,"(2048, 2048)",float32,0,64,0.019753122329711915,0.007014025494115373,0.18866400718688964,9.55109800049728,0.14923590625777,6.515625,2
BetterFFTW,2D FFT,"(2048, 2048)",float32,0,64,0.038304805755615234,0.00023106335086829348,0.03811039924621582,0.9949247488516264,0.015545699200806663,0.0,2
PyFFTW,2D FFT,"(2048, 2048)",float32,1,1,0.04403452873229981,0.005584956872221254,0.047957563400268556,1.0890899660086781,1.0890899660086781,6.40078125,1
BetterFFTW,2D FFT,"(2048, 2048)",float32,1,1,0.03821711540222168,7.53335406520387e-05,0.03914265632629395,1.0242179692091167,1.0242179692091167,0.0,1
NumPy FFT,2D FFT,"(2048, 2048)",float32,1,1,0.12492389678955078,0.0006360343229256369,0.12576189041137695,1.0067080329973845,1.0067080329973845,0.0,1
PyFFTW,2D FFT,"(2048, 2048)",float32,1,2,0.10272526741027832,0.00832587291304489,0.047957563400268556,0.4668526508549161,0.23342632542745806,6.40078125,2
BetterFFTW,2D FFT,"(2048, 2048)",float32,1,2,0.03925299644470215,0.0011365800420439654,0.03914265632629395,0.997189001390922,0.498594500695461,0.0,2
PyFFTW,2D FFT,"(2048, 2048)",float32,1,4,0.016886329650878905,0.005793319050270256,0.047957563400268556,2.8400229293031978,0.7100057323257994,6.4,2
BetterFFTW,2D FFT,"(2048, 2048)",float32,1,4,0.038250303268432616,0.00011709839132570362,0.03914265632629395,1.023329306740367,0.25583232668509176,0.0,2
PyFFTW,2D FFT,"(2048, 2048)",float32,1,6,0.0433286190032959,0.007671298820149642,0.047957563400268556,1.1068334164220777,0.18447223607034627,25.5328125,2
BetterFFTW,2D FFT,"(2048, 2048)",float32,1,6,0.03824105262756348,0.00011913570040033473,0.03914265632629395,1.0235768535848464,0.17059614226414108,0.0,2
PyFFTW,2D FFT,"(2048, 2048)",float32,1,8,0.030461978912353516,0.00604322820000733,0.047957563400268556,1.5743416912687802,0.19679271140859753,6.4265625,2
BetterFFTW,2D FFT,"(2048, 2048)",float32,1,8,0.038111305236816405,2.9868662430540674e-05,0.03914265632629395,1.0270615525516358,0.12838269406895447,0.0,2
PyFFTW,2D FFT,"(2048, 2048)",float32,1,10,0.02577815055847168,0.006004308068637859,0.047957563400268556,1.8603958143346278,0.18603958143346278,6.36875,2
BetterFFTW,2D FFT,"(2048, 2048)",float32,1,10,0.03818964958190918,0.00014360574662512915,0.03914265632629395,1.024954582061319,0.1024954582061319,0.0,2
PyFFTW,2D FFT,"(2048, 2048)",float32,1,12,0.022866296768188476,0.006113572101176233,0.047957563400268556,2.0973034631032594,0.17477528859193828,6.37109375,2
BetterFFTW,2D FFT,"(2048, 2048)",float32,1,12,0.03821854591369629,0.00032308641350667724,0.03914265632629395,1.0241796329636519,0.08534830274697099,0.0,2
PyFFTW,2D FFT,"(2048, 2048)",float32,1,16,0.019433975219726562,0.006148998715181613,0.047957563400268556,2.4677176366669937,0.1542323522916871,6.459375,2
BetterFFTW,2D FFT,"(2048, 2048)",float32,1,16,0.03802928924560547,0.00010086222963264871,0.03914265632629395,1.029276568212937,0.06432978551330856,0.0,2
PyFFTW,2D FFT,"(2048, 2048)",float32,1,32,0.019565725326538087,0.006599200072229477,0.047957563400268556,2.4511007182146747,0.07659689744420858,6.3765625,2
BetterFFTW,2D FFT,"(2048, 2048)",float32,1,32,0.038253259658813474,0.00024206775356616167,0.03914265632629395,1.0232502190770967,0.03197656934615927,0.0,2
PyFFTW,2D FFT,"(2048, 2048)",float32,1,64,0.019813728332519532,0.007127180679656735,0.047957563400268556,2.4204209624474156,0.03781907753824087,6.428125,2
BetterFFTW,2D FFT,"(2048, 2048)",float32,1,64,0.03810930252075195,0.00015841654267423629,0.03914265632629395,1.0271155265825003,0.016048680102851567,0.0,2
PyFFTW,2D FFT,"(2048, 2048)",float32,2,1,0.0505467414855957,0.006157820512158691,0.045289134979248045,0.8959852534144873,0.8959852534144873,19.20234375,1
BetterFFTW,2D FFT,"(2048, 2048)",float32,2,1,0.038681650161743165,0.0007503899956597425,0.03817071914672852,0.9867913852465382,0.9867913852465382,0.0,1
NumPy FFT,2D FFT,"(2048, 2048)",float32,2,1,0.12621068954467773,0.0016746618413424586,0.12822403907775878,1.0159522900979663,1.0159522900979663,0.0,1
PyFFTW,2D FFT,"(2048, 2048)",float32,2,2,0.10728645324707031,0.007589431439422067,0.045289134979248045,0.42213283791711853,0.21106641895855927,6.40078125,2
BetterFFTW,2D FFT,"(2048, 2048)",float32,2,2,0.03820867538452148,0.00021798841073017116,0.03817071914672852,0.9990066068134793,0.49950330340673965,0.0,2
PyFFTW,2D FFT,"(2048, 2048)",float32,2,4,0.016922378540039064,0.005895128222729827,0.045289134979248045,2.676286603097315,0.6690716507743287,6.39375,2
BetterFFTW,2D FFT,"(2048, 2048)",float32,2,4,0.03833937644958496,0.0003686894916574171,0.03817071914672852,0.9956009377701219,0.24890023444253048,0.0,2
PyFFTW,2D FFT,"(2048, 2048)",float32,2,6,0.043076515197753906,0.007752239817923556,0.045289134979248045,1.0513648741393433,0.1752274790232239,25.53515625,2
BetterFFTW,2D FFT,"(2048, 2048)",float32,2,6,0.03816990852355957,0.0002825216663202782,0.03817071914672852,1.0000212372311148,0.1666702062051858,0.0,2
PyFFTW,2D FFT,"(2048, 2048)",float32,2,8,0.030216693878173828,0.00610199901245522,0.045289134979248045,1.4988117218198171,0.18735146522747714,6.38984375,2
BetterFFTW,2D FFT,"(2048, 2048)",float32,2,8,0.03878817558288574,0.0009676704900288384,0.03817071914672852,0.9840813230609985,0.12301016538262481,0.0,2
PyFFTW,2D FFT,"(2048, 2048)",float32,2,10,0.025707769393920898,0.006066286174709626,0.045289134979248045,1.761690572421174,0.1761690572421174,6.4609375,2
BetterFFTW,2D FFT,"(2048, 2048)",float32,2,10,0.038480186462402345,0.00043076165124445766,0.03817071914672852,0.9919577490619439,0.09919577490619438,0.0,2
PyFFTW,2D FFT,"(2048, 2048)",float32,2,12,0.02297320365905762,0.006039004843112239,0.045289134979248045,1.9713896090148468,0.1642824674179039,6.41875,2
BetterFFTW,2D FFT,"(2048, 2048)",float32,2,12,0.038169145584106445,5.545536198125792e-05,0.03817071914672852,1.000041226037366,0.08333676883644715,0.0,2
PyFFTW,2D FFT,"(2048, 2048)",float32,2,16,0.019525146484375,0.006227582229867045,0.045289134979248045,2.319528563613629,0.14497053522585182,6.3765625,2
BetterFFTW,2D FFT,"(2048, 2048)",float32,2,16,0.03818211555480957,0.00040975567837619916,0.03817071914672852,0.9997015249701213,0.06248134531063258,0.0,2
PyFFTW,2D FFT,"(2048, 2048)",float32,2,32,0.019794130325317384,0.006843953288175779,0.045289134979248045,2.288008325443915,0.07150026017012234,6.428125,2
BetterFFTW,2D FFT,"(2048, 2048)",float32,2,32,0.03810968399047852,0.00022420407553446625,0.03817071914672852,1.0016015655303059,0.03130004892282206,0.0,2
PyFFTW,2D FFT,"(2048, 2048)",float32,2,64,0.01976175308227539,0.0072487912811421765,0.045289134979248045,2.291756950443255,0.03580870235067586,6.41171875,2
BetterFFTW,2D FFT,"(2048, 2048)",float32,2,64,0.03824949264526367,0.0001128496362422255,0.03817071914672852,0.997940534812691,0.015592820856448296,0.0,2
PyFFTW,2D FFT,"(2048, 2048)",float64,0,1,0.1106417179107666,0.020631060827527577,0.11074638366699219,1.0009459881697607,1.0009459881697607,0.0,1
BetterFFTW,2D FFT,"(2048, 2048)",float64,0,1,0.06302809715270996,0.00039995084397036554,0.06287903785705566,0.9976350341770093,0.9976350341770093,0.0,1
NumPy FFT,2D FFT,"(2048, 2048)",float64,0,1,0.1247438907623291,0.00048362032883311886,0.12529897689819336,1.0044498061786598,1.0044498061786598,0.0,1
PyFFTW,2D FFT,"(2048, 2048)",float64,0,2,0.08132681846618653,0.020797841677294048,0.11074638366699219,1.3617449416521503,0.6808724708260752,102.3921875,2
BetterFFTW,2D FFT,"(2048, 2048)",float64,0,2,0.06315336227416993,0.00035239229331056896,0.06287903785705566,0.9956562183352434,0.4978281091676217,0.0,2
PyFFTW,2D FFT,"(2048, 2048)",float64,0,4,0.035586214065551756,0.021091468879144103,0.11074638366699219,3.1120586040142197,0.7780146510035549,25.58203125,2
BetterFFTW,2D FFT,"(2048, 2048)",float64,0,4,0.06366252899169922,0.0007143808577334827,0.06287903785705566,0.9876930566998726,0.24692326417496815,0.0,2
PyFFTW,2D FFT,"(2048, 2048)",float64,0,6,0.031679296493530275,0.021272502727748076,0.11074638366699219,3.4958599440366185,0.5826433240061031,25.9890625,2
BetterFFTW,2D FFT,"(2048, 2048)",float64,0,6,0.06278824806213379,0.00044175484721619524,0.06287903785705566,1.0014459679593548,0.16690766132655913,0.0,2
PyFFTW,2D FFT,"(2048, 2048)",float64,0,8,0.027308130264282228,0.02075004243787126,0.11074638366699219,4.055436333253593,0.5069295416566991,26.8171875,2
BetterFFTW,2D FFT,"(2048, 2048)",float64,0,8,0.062435483932495116,0.00024313433395830846,0.06287903785705566,1.0071041961497427,0.12588802451871783,0.0,2
PyFFTW,2D FFT,"(2048, 2048)",float64,0,10,0.027112150192260744,0.021513505903558234,0.11074638366699219,4.084751038986393,0.4084751038986393,25.91328125,2
BetterFFTW,2D FFT,"(2048, 2048)",float64,0,10,0.06267547607421875,0.00017492581212173462,0.06287903785705566,1.0032478697504565,0.10032478697504565,0.0,2
PyFFTW,2D FFT,"(2048, 2048)",float64,0,12,0.025722742080688477,0.021568031563131976,0.11074638366699219,4.305387945017564,0.3587823287514637,26.53046875,2
BetterFFTW,2D FFT,"(2048, 2048)",float64,0,12,0.06290864944458008,0.0004936291177836061,0.06287903785705566,0.9995292922708426,0.08329410768923688,0.0,2
PyFFTW,2D FFT,"(2048, 2048)",float64,0,16,0.02510662078857422,0.02178691975269077,0.11074638366699219,4.411042991392605,0.2756901869620378,27.028125,2
BetterFFTW,2D FFT,"(2048, 2048)",float64,0,16,0.06269369125366211,0.0002220364258318757,0.06287903785705566,1.0029563836438282,0.06268477397773926,0.0,2
PyFFTW,2D FFT,"(2048, 2048)",float64,0,32,0.024719667434692384,0.02169975038222272,0.11074638366699219,4.480091973711876,0.14000287417849613,26.43984375,2
BetterFFTW,2D FFT,"(2048, 2048)",float64,0,32,0.06261725425720215,0.00026162392796554306,0.06287903785705566,1.0041806943303235,0.03138064669782261,0.0,2
PyFFTW,2D FFT,"(2048, 2048)",float64,0,64,0.024993324279785158,0.022625645692388226,0.11074638366699219,4.4310385616276315,0.06923497752543174,25.76015625,2
BetterFFTW,2D FFT,"(2048, 2048)",float64,0,64,0.06249470710754394,0.00033052436010375157,0.06287903785705566,1.0061498127969517,0.01572109082495237,0.0,2
PyFFTW,2D FFT,"(2048, 2048)",float64,1,1,0.11212143898010254,0.021442293844011417,0.11227068901062012,1.0013311462274763,1.0013311462274763,0.0,1
BetterFFTW,2D FFT,"(2048, 2048)",float64,1,1,0.06241130828857422,0.00018177924329447354,0.06321845054626465,1.012932628394175,1.012932628394175,0.0,1
NumPy FFT,2D FFT,"(2048, 2048)",float64,1,1,0.12674612998962403,0.002918637915199358,0.12483768463134766,0.9849427721506557,0.9849427721506557,0.0,1
PyFFTW,2D FFT,"(2048, 2048)",float64,1,2,0.08322253227233886,0.02102925889156968,0.11227068901062012,1.3490419715086723,0.6745209857543362,102.38828125,2
BetterFFTW,2D FFT,"(2048, 2048)",float64,1,2,0.06251506805419922,0.00022899045949534037,0.06321845054626465,1.0112514072840106,0.5056257036420053,0.0,2
PyFFTW,2D FFT,"(2048, 2048)",float64,1,4,0.035754728317260745,0.02160089772113979,0.11227068901062012,3.1400235519737114,0.7850058879934279,25.609375,2
BetterFFTW,2D FFT,"(2048, 2048)",float64,1,4,0.06273713111877441,0.0004746696705736999,0.06321845054626465,1.0076720025112242,0.25191800062780606,0.0,2
PyFFTW,2D FFT,"(2048, 2048)",float64,1,6,0.03173651695251465,0.021076766358032326,0.11227068901062012,3.5375869752375055,0.5895978292062509,25.58515625,2
BetterFFTW,2D FFT,"(2048, 2048)",float64,1,6,0.06290707588195801,0.0010616871749660687,0.06321845054626465,1.00494975580952,0.16749162596825332,0.0,2
PyFFTW,2D FFT,"(2048, 2048)",float64,1,8,0.027851104736328125,0.021295591444332296,0.11227068901062012,4.031103615943022,0.5038879519928777,25.64140625,2
BetterFFTW,2D FFT,"(2048, 2048)",float64,1,8,0.06290483474731445,0.0010550394267183683,0.06321845054626465,1.0049855595394215,0.12562319494242769,0.0,2
PyFFTW,2D FFT,"(2048, 2048)",float64,1,10,0.027213048934936524,0.02153544178656358,0.11227068901062012,4.125619634868819,0.4125619634868819,25.640625,2
BetterFFTW,2D FFT,"(2048, 2048)",float64,1,10,0.06339511871337891,0.0005142995160258978,0.06321845054626465,0.997213221290538,0.0997213221290538,0.0,2
PyFFTW,2D FFT,"(2048, 2048)",float64,1,12,0.026201915740966798,0.021337294762570846,0.11227068901062012,4.284827495841629,0.35706895798680244,25.63203125,2
BetterFFTW,2D FFT,"(2048, 2048)",float64,1,12,0.06284985542297364,0.00027435337144598846,0.06321845054626465,1.0058646932568167,0.08382205777140139,0.0,2
PyFFTW,2D FFT,"(2048, 2048)",float64,1,16,0.024982500076293945,0.021779905917633152,0.11227068901062012,4.493973328039915,0.2808733330024947,25.6265625,2
BetterFFTW,2D FFT,"(2048, 2048)",float64,1,16,0.06266269683837891,0.00033217684597591264,0.06321845054626465,1.008868972066733,0.06305431075417081,0.0,2
PyFFTW,2D FFT,"(2048, 2048)",float64,1,32,0.024765968322753906,0.021885158478964942,0.11227068901062012,4.533264661712042,0.1416645206785013,25.66171875,2
BetterFFTW,2D FFT,"(2048, 2048)",float64,1,32,0.06295785903930665,0.0003959047896982728,0.06321845054626465,1.0041391418154055,0.03137934818173142,0.0,2
PyFFTW,2D FFT,"(2048, 2048)",float64,1,64,0.02530207633972168,0.023347714476748747,0.11227068901062012,4.437212484193108,0.06933144506551732,25.58125,2
BetterFFTW,2D FFT,"(2048, 2048)",float64,1,64,0.06255068778991699,0.00026869393492395203,0.06321845054626465,1.010675546184087,0.01579180540912636,0.0,2
PyFFTW,2D FFT,"(2048, 2048)",float64,2,1,0.11183438301086426,0.021419325196966817,0.11094479560852051,0.9920454928225666,0.9920454928225666,0.0,1
BetterFFTW,2D FFT,"(2048, 2048)",float64,2,1,0.06258635520935059,0.00020830266543707385,0.062366914749145505,0.9964937970988875,0.9964937970988875,0.0,1
NumPy FFT,2D FFT,"(2048, 2048)",float64,2,1,0.1286165237426758,0.003221688608031212,0.12424030303955078,0.9659746619191749,0.9659746619191749,0.0,1
PyFFTW,2D FFT,"(2048, 2048)",float64,2,2,0.062096786499023435,0.026098146844901554,0.11094479560852051,1.7866431076955211,0.8933215538477606,25.55078125,2
BetterFFTW,2D FFT,"(2048, 2048)",float64,2,2,0.0625462532043457,0.00022265145081037355,0.062366914749145505,0.9971327066608726,0.4985663533304363,-25.6015625,2
PyFFTW,2D FFT,"(2048, 2048)",float64,2,4,0.06805658340454102,0.021027474009803006,0.11094479560852051,1.630184620774216,0.407546155193554,102.4046875,2
BetterFFTW,2D FFT,"(2048, 2048)",float64,2,4,0.062442874908447264,0.00011622944611704425,0.062366914749145505,0.9987835255917807,0.24969588139794519,0.0,2
PyFFTW,2D FFT,"(2048, 2048)",float64,2,6,0.03155593872070313,0.021046827225467836,0.11094479560852051,3.5158135078939097,0.5859689179823183,25.653125,2
BetterFFTW,2D FFT,"(2048, 2048)",float64,2,6,0.062415027618408205,0.00012851717706319394,0.062366914749145505,0.9992291460710896,0.16653819101184827,0.0,2
PyFFTW,2D FFT,"(2048, 2048)",float64,2,8,0.027829074859619142,0.021421248706848292,0.11094479560852051,3.9866505145489,0.4983313143186125,25.60859375,2
BetterFFTW,2D FFT,"(2048, 2048)",float64,2,8,0.06261134147644043,0.00012289278663801998,0.062366914749145505,0.9960961269710712,0.1245120158713839,0.0,2
PyFFTW,2D FFT,"(2048, 2048)",float64,2,10,0.02832193374633789,0.02102468196929085,0.11094479560852051,3.9172747384477584,0.39172747384477585,25.62890625,2
BetterFFTW,2D FFT,"(2048, 2048)",float64,2,10,0.06318483352661133,0.00013288927187665584,0.062366914749145505,0.9870551407384598,0.09870551407384598,0.0,2
PyFFTW,2D FFT,"(2048, 2048)",float64,2,12,0.02633075714111328,0.02209084085386944,0.11094479560852051,4.2135057117400345,0.3511254759783362,25.575,2
BetterFFTW,2D FFT,"(2048, 2048)",float64,2,12,0.06320977210998535,0.00023108430979419176,0.062366914749145505,0.9866657111281264,0.08222214259401053,0.0,2
PyFFTW,2D FFT,"(2048, 2048)",float64,2,16,0.025369691848754882,0.02208832501186146,0.11094479560852051,4.3731234998806485,0.27332021874254053,25.62734375,2
BetterFFTW,2D FFT,"(2048, 2048)",float64,2,16,0.0633209228515625,0.00022611824181114617,0.062366914749145505,0.9849337618680417,0.06155836011675261,0.0,2
PyFFTW,2D FFT,"(2048, 2048)",float64,2,32,0.02556324005126953,0.023116660405201307,0.11094479560852051,4.340013057265436,0.13562540803954487,25.61015625,2
BetterFFTW,2D FFT,"(2048, 2048)",float64,2,32,0.06336908340454102,0.0004201345445359987,0.062366914749145505,0.9841852114382375,0.03075578785744492,0.0,2
PyFFTW,2D FFT,"(2048, 2048)",float64,2,64,0.025337934494018555,0.022978662497753884,0.11094479560852051,4.378604563632087,0.06841569630675136,25.6328125,2
BetterFFTW,2D FFT,"(2048, 2048)",float64,2,64,0.06322040557861328,0.00021224838764769861,0.062366914749145505,0.9864997571329012,0.01541405870520158,0.0,2
PyFFTW,2D FFT (Large),"(4096, 4096)",float32,0,1,0.30092992782592776,0.0010638079327894327,1.6821526050567628,5.589848165682611,5.589848165682611,25.60078125,1
BetterFFTW,2D FFT (Large),"(4096, 4096)",float32,0,1,0.16791157722473143,0.00010942102698735081,0.16911888122558594,1.0071901176846112,1.0071901176846112,0.0,1
NumPy FFT,2D FFT (Large),"(4096, 4096)",float32,0,1,0.627534008026123,0.0031309892241017123,0.6255842685699463,0.9968930138745635,0.9968930138745635,0.0,1
PyFFTW,2D FFT (Large),"(4096, 4096)",float32,0,2,0.9403215885162354,0.0024913263669513776,1.6821526050567628,1.7889120335002489,0.8944560167501244,0.00546875,2
BetterFFTW,2D FFT (Large),"(4096, 4096)",float32,0,2,0.16884307861328124,0.0009491815526192987,0.16911888122558594,1.00163348485807,0.500816742429035,0.0,2
PyFFTW,2D FFT (Large),"(4096, 4096)",float32,0,4,0.5423434734344482,0.002068909904603163,1.6821526050567628,3.101637038986292,0.775409259746573,0.05,2
BetterFFTW,2D FFT (Large),"(4096, 4096)",float32,0,4,0.16736216545104982,0.00025288358165086747,0.16911888122558594,1.010496492859074,0.2526241232147685,0.0,2
PyFFTW,2D FFT (Large),"(4096, 4096)",float32,0,6,0.40851492881774903,0.0025606828703810033,1.6821526050567628,4.1177261499963995,0.6862876916660666,-0.01171875,2
BetterFFTW,2D FFT (Large),"(4096, 4096)",float32,0,6,0.16784515380859374,0.0011293777775723969,0.16911888122558594,1.0075887053518668,0.1679314508919778,0.0,2
PyFFTW,2D FFT (Large),"(4096, 4096)",float32,0,8,0.34948158264160156,0.002583718735368069,1.6821526050567628,4.8132796937166065,0.6016599617145758,-0.00390625,2
BetterFFTW,2D FFT (Large),"(4096, 4096)",float32,0,8,0.1677851676940918,0.0006060318899038018,0.16911888122558594,1.0079489358315974,0.12599361697894967,0.0,2
PyFFTW,2D FFT (Large),"(4096, 4096)",float32,0,10,0.3070842266082764,0.0023953128163725053,1.6821526050567628,5.477821585419804,0.5477821585419804,0.04140625,2
BetterFFTW,2D FFT (Large),"(4096, 4096)",float32,0,10,0.16767292022705077,0.0003648799374051436,0.16911888122558594,1.0086237002169292,0.10086237002169292,0.0,2
PyFFTW,2D FFT (Large),"(4096, 4096)",float32,0,12,0.28124237060546875,0.003925718287872623,1.6821526050567628,5.981149289260234,0.49842910743835284,102.4109375,2
BetterFFTW,2D FFT (Large),"(4096, 4096)",float32,0,12,0.16879000663757324,0.0008432538765266246,0.16911888122558594,1.0019484245220682,0.08349570204350569,0.0,2
PyFFTW,2D FFT (Large),"(4096, 4096)",float32,0,16,0.23696160316467285,0.05138321416829601,1.6821526050567628,7.09884041376854,0.4436775258605338,-0.00390625,2
BetterFFTW,2D FFT (Large),"(4096, 4096)",float32,0,16,0.16785225868225098,0.0004583043045110815,0.16911888122558594,1.0075460559975704,0.06297162849984815,0.0,2
PyFFTW,2D FFT (Large),"(4096, 4096)",float32,0,32,0.2611567974090576,0.0019433272364770076,1.6821526050567628,6.441159570592977,0.20128623658103054,0.0125,2
BetterFFTW,2D FFT (Large),"(4096, 4096)",float32,0,32,0.1679208755493164,0.0006754222605688227,0.16911888122558594,1.0071343462946494,0.03147294832170779,0.0,2
PyFFTW,2D FFT (Large),"(4096, 4096)",float32,0,64,0.2619412899017334,0.0006761248686725649,1.6821526050567628,6.421868830560536,0.10034170047750837,127.96796875,2
BetterFFTW,2D FFT (Large),"(4096, 4096)",float32,0,64,0.16860146522521974,0.0010267302534992973,0.16911888122558594,1.0030688701291832,0.015672951095768488,0.0,2
PyFFTW,2D FFT (Large),"(4096, 4096)",float32,1,1,0.3035736083984375,0.001984400037197317,0.301316499710083,0.9925648718270922,0.9925648718270922,0.0,1
BetterFFTW,2D FFT (Large),"(4096, 4096)",float32,1,1,0.1674933910369873,0.00017888350087206202,0.16757731437683104,1.0005010546345987,1.0005010546345987,0.0,1
NumPy FFT,2D FFT (Large),"(4096, 4096)",float32,1,1,0.6266176700592041,0.001195572466947092,0.6276946544647217,1.0017187265169458,1.0017187265169458,0.0,1
PyFFTW,2D FFT (Large),"(4096, 4096)",float32,1,2,0.9326358795166015,0.006540613525624859,0.301316499710083,0.3230805358531345,0.16154026792656725,-0.03671875,2
BetterFFTW,2D FFT (Large),"(4096, 4096)",float32,1,2,0.16822376251220703,0.0007195950423373256,0.16757731437683104,0.9961572127164313,0.49807860635821566,0.0,2
PyFFTW,2D FFT (Large),"(4096, 4096)",float32,1,4,0.5440996646881103,0.0031965377194119056,0.301316499710083,0.553789166333716,0.138447291583429,0.02578125,2
BetterFFTW,2D FFT (Large),"(4096, 4096)",float32,1,4,0.16784172058105468,0.0006192547494912241,0.16757731437683104,0.9984246693652312,0.2496061673413078,0.0,2
PyFFTW,2D FFT (Large),"(4096, 4096)",float32,1,6,0.4071782112121582,0.0020907522905993315,0.301316499710083,0.7400113547654531,0.12333522579424218,0.0609375,2
BetterFFTW,2D FFT (Large),"(4096, 4096)",float32,1,6,0.1679746150970459,0.0004976119285450563,0.16757731437683104,0.9976347573710151,0.16627245956183587,0.0,2
PyFFTW,2D FFT (Large),"(4096, 4096)",float32,1,8,0.34939398765563967,0.0018161748092062858,0.301316499710083,0.8623974949650779,0.10779968687063474,0.00546875,2
BetterFFTW,2D FFT (Large),"(4096, 4096)",float32,1,8,0.16788082122802733,0.0003639445170521635,0.16757731437683104,0.9981921291010124,0.12477401613762655,0.0,2
PyFFTW,2D FFT (Large),"(4096, 4096)",float32,1,10,0.30678935050964357,0.001962597598481807,0.301316499710083,0.9821608840382856,0.09821608840382856,0.0453125,2
BetterFFTW,2D FFT (Large),"(4096, 4096)",float32,1,10,0.168099308013916,0.00042890996383981763,0.16757731437683104,0.996894730601498,0.0996894730601498,0.0,2
PyFFTW,2D FFT (Large),"(4096, 4096)",float32,1,12,0.28419060707092286,0.0021410354545283146,0.301316499710083,1.0602619939331288,0.08835516616109407,76.81953125,2
BetterFFTW,2D FFT (Large),"(4096, 4096)",float32,1,12,0.16875605583190917,0.0010000058808773127,0.16757731437683104,0.993015116113805,0.08275125967615042,0.0,2
PyFFTW,2D FFT (Large),"(4096, 4096)",float32,1,16,0.2604368209838867,0.002478441353160528,0.301316499710083,1.1569658183192366,0.07231036364495229,128.025,2
BetterFFTW,2D FFT (Large),"(4096, 4096)",float32,1,16,0.16847443580627441,0.000422084336731035,0.16757731437683104,0.9946750293292275,0.06216718933307672,0.0,2
PyFFTW,2D FFT (Large),"(4096, 4096)",float32,1,32,0.23724627494812012,0.048970403012586594,0.301316499710083,1.270057874569257,0.03968930858028928,-0.02578125,2
BetterFFTW,2D FFT (Large),"(4096, 4096)",float32,1,32,0.16809287071228027,0.0005582411974763681,0.16757731437683104,0.9969329077832713,0.031154153368227227,0.0,2
PyFFTW,2D FFT (Large),"(4096, 4096)",float32,1,64,0.260712194442749,0.002167225536602329,0.301316499710083,1.1557437900214924,0.01805849671908582,128.0125,2
BetterFFTW,2D FFT (Large),"(4096, 4096)",float32,1,64,0.1668936252593994,0.00038951451320111256,0.16757731437683104,1.0040965562127913,0.015689008690824863,0.0,2
PyFFTW,2D FFT (Large),"(4096, 4096)",float32,2,1,0.299606990814209,0.0006809064217847531,0.299131441116333,0.9984127550008641,0.9984127550008641,51.2015625,1
BetterFFTW,2D FFT (Large),"(4096, 4096)",float32,2,1,0.1670074462890625,0.0004718825184711672,0.16725602149963378,1.001488407948835,1.001488407948835,0.0,1
NumPy FFT,2D FFT (Large),"(4096, 4096)",float32,2,1,0.6248212814331054,0.002496555023708082,0.6272477626800537,1.0038834804752212,1.0038834804752212,0.0,1
PyFFTW,2D FFT (Large),"(4096, 4096)",float32,2,2,0.9205764293670654,0.008697868250896005,0.299131441116333,0.3249392788842077,0.16246963944210385,0.00625,2
BetterFFTW,2D FFT (Large),"(4096, 4096)",float32,2,2,0.16702718734741212,0.0008270710942052498,0.16725602149963378,1.0013700413439022,0.5006850206719511,0.0,2
PyFFTW,2D FFT (Large),"(4096, 4096)",float32,2,4,0.5399231433868408,0.005835958419517189,0.299131441116333,0.5540259660660872,0.1385064915165218,-0.0015625,2
BetterFFTW,2D FFT (Large),"(4096, 4096)",float32,2,4,0.166532564163208,0.0002433395561407226,0.16725602149963378,1.004344239458877,0.25108605986471927,0.0,2
PyFFTW,2D FFT (Large),"(4096, 4096)",float32,2,6,0.40725040435791016,0.00472732734733622,0.299131441116333,0.7345147798882053,0.12241912998136756,-0.0109375,2
BetterFFTW,2D FFT (Large),"(4096, 4096)",float32,2,6,0.16806645393371583,0.0013834595585221097,0.16725602149963378,0.9951779048399411,0.16586298413999018,0.0,2
PyFFTW,2D FFT (Large),"(4096, 4096)",float32,2,8,0.34916234016418457,0.0023080170465431685,0.299131441116333,0.8567116401375766,0.10708895501719708,0.01015625,2
BetterFFTW,2D FFT (Large),"(4096, 4096)",float32,2,8,0.1682284355163574,0.0007440264449266433,0.16725602149963378,0.9942196810322885,0.12427746012903607,0.0,2
PyFFTW,2D FFT (Large),"(4096, 4096)",float32,2,10,0.3075582981109619,0.0009106072579090773,0.299131441116333,0.9726007815546286,0.09726007815546286,0.0046875,2
BetterFFTW,2D FFT (Large),"(4096, 4096)",float32,2,10,0.16705727577209473,0.0004829212430763347,0.16725602149963378,1.0011896861517735,0.10011896861517736,0.0,2
PyFFTW,2D FFT (Large),"(4096, 4096)",float32,2,12,0.2799967288970947,0.0018848288374838493,0.299131441116333,1.0683390562975854,0.08902825469146546,25.6390625,2
BetterFFTW,2D FFT (Large),"(4096, 4096)",float32,2,12,0.16670007705688478,0.00013853242963180148,0.16725602149963378,1.0033349981149637,0.08361124984291364,0.0,2
PyFFTW,2D FFT (Large),"(4096, 4096)",float32,2,16,0.23330769538879395,0.05102797924364682,0.299131441116333,1.2821327672790541,0.08013329795494088,0.0234375,2
BetterFFTW,2D FFT (Large),"(4096, 4096)",float32,2,16,0.16701478958129884,0.00026340690925502885,0.16725602149963378,1.0014443745906558,0.06259027341191599,0.0,2
PyFFTW,2D FFT (Large),"(4096, 4096)",float32,2,32,0.25767693519592283,0.0013862802683130117,0.299131441116333,1.160877829010542,0.036277432156579435,128.01640625,2
BetterFFTW,2D FFT (Large),"(4096, 4096)",float32,2,32,0.16659741401672362,0.00015705328006986762,0.16725602149963378,1.0039532875512944,0.03137354023597795,0.0,2
PyFFTW,2D FFT (Large),"(4096, 4096)",float32,2,64,0.23569173812866212,0.05050208195298794,0.299131441116333,1.2691638811413901,0.01983068564283422,-0.00546875,2
BetterFFTW,2D FFT (Large),"(4096, 4096)",float32,2,64,0.16710405349731444,0.0003701393699855499,0.16725602149963378,1.000909421400252,0.01563920970937894,0.0,2
PyFFTW,2D FFT (Large),"(4096, 4096)",float64,0,1,0.5447953224182129,0.001994833062821819,0.5502383232116699,1.0099909095571835,1.0099909095571835,0.0,1
BetterFFTW,2D FFT (Large),"(4096, 4096)",float64,0,1,0.2705063343048096,0.0005885359490957618,0.27006192207336427,0.9983571097047046,0.9983571097047046,0.0,1
NumPy FFT,2D FFT (Large),"(4096, 4096)",float64,0,1,0.6310408115386963,0.0008101359193255111,0.6330838203430176,1.003237522466003,1.003237522466003,0.0,1
PyFFTW,2D FFT (Large),"(4096, 4096)",float64,0,2,0.4541370391845703,0.001411887540299177,0.5502383232116699,1.211612962024976,0.605806481012488,-0.01328125,2
BetterFFTW,2D FFT (Large),"(4096, 4096)",float64,0,2,0.27073144912719727,0.0008481134730111837,0.27006192207336427,0.9975269697850343,0.49876348489251715,0.0,2
PyFFTW,2D FFT (Large),"(4096, 4096)",float64,0,4,0.21838579177856446,0.11166951711974485,0.5502383232116699,2.5195701548642515,0.6298925387160629,102.371875,2
BetterFFTW,2D FFT (Large),"(4096, 4096)",float64,0,4,0.27091155052185056,0.0008384081538162677,0.27006192207336427,0.9968638160800096,0.2492159540200024,0.0,2
PyFFTW,2D FFT (Large),"(4096, 4096)",float64,0,6,0.34514765739440917,0.002298210807283278,0.5502383232116699,1.5942113800381332,0.2657018966730222,255.959375,2
BetterFFTW,2D FFT (Large),"(4096, 4096)",float64,0,6,0.27004451751708985,7.768706141763186e-05,0.27006192207336427,1.0000644506929244,0.16667740844882073,0.0,2
PyFFTW,2D FFT (Large),"(4096, 4096)",float64,0,8,0.22925658226013185,0.1156059756046813,0.5502383232116699,2.400098255793275,0.30001228197415936,153.5890625,2
BetterFFTW,2D FFT (Large),"(4096, 4096)",float64,0,8,0.2707503795623779,0.0007073109719592268,0.27006192207336427,0.9974572242885628,0.12468215303607035,0.0,2
PyFFTW,2D FFT (Large),"(4096, 4096)",float64,0,10,0.16719894409179686,0.11359656140709154,0.5502383232116699,3.290919845220875,0.32909198452208754,102.3703125,2
BetterFFTW,2D FFT (Large),"(4096, 4096)",float64,0,10,0.27109322547912595,0.0009688058224188249,0.27006192207336427,0.9961957610562234,0.09961957610562235,0.0,2
PyFFTW,2D FFT (Large),"(4096, 4096)",float64,0,12,0.22345404624938964,0.11516485682011916,0.5502383232116699,2.4624227327598587,0.2052018943966549,153.5921875,2
BetterFFTW,2D FFT (Large),"(4096, 4096)",float64,0,12,0.2707539081573486,0.00021187793255042622,0.27006192207336427,0.99744422494695,0.0831203520789125,0.0,2
PyFFTW,2D FFT (Large),"(4096, 4096)",float64,0,16,0.11151704788208008,0.09471830163687392,0.5502383232116699,4.934118447912114,0.30838240299450714,51.19609375,2
BetterFFTW,2D FFT (Large),"(4096, 4096)",float64,0,16,0.2709202289581299,0.0008331964304872433,0.27006192207336427,0.9968318833626179,0.062301992710163616,0.0,2
PyFFTW,2D FFT (Large),"(4096, 4096)",float64,0,32,0.16553750038146972,0.11860637187652177,0.5502383232116699,3.3239496908173902,0.10387342783804344,102.4328125,2
BetterFFTW,2D FFT (Large),"(4096, 4096)",float64,0,32,0.2724489212036133,0.00045316711981951367,0.27006192207336427,0.9912387279064867,0.03097621024707771,0.0,2
PyFFTW,2D FFT (Large),"(4096, 4096)",float64,0,64,0.16517629623413085,0.11544833522755774,0.5502383232116699,3.3312184360383577,0.05205028806309934,102.38359375,2
BetterFFTW,2D FFT (Large),"(4096, 4096)",float64,0,64,0.27246799468994143,0.00039153263115855667,0.27006192207336427,0.9911693385517988,0.015487020914871856,0.0,2
PyFFTW,2D FFT (Large),"(4096, 4096)",float64,1,1,0.5495472908020019,0.0022304520385575005,0.5514702796936035,1.0034992236769928,1.0034992236769928,0.0,1
BetterFFTW,2D FFT (Large),"(4096, 4096)",float64,1,1,0.27249975204467775,0.000344169863061296,0.27224020957946776,0.9990475497197244,0.9990475497197244,0.0,1
NumPy FFT,2D FFT (Large),"(4096, 4096)",float64,1,1,0.6326560020446778,0.0013715438076130054,0.6323551654815673,0.9995244863525548,0.9995244863525548,0.0,1
PyFFTW,2D FFT (Large),"(4096, 4096)",float64,1,2,0.45711588859558105,0.002800006157473125,0.5514702796936035,1.206412407557987,0.6032062037789935,0.02734375,2
BetterFFTW,2D FFT (Large),"(4096, 4096)",float64,1,2,0.26923160552978515,0.000842036561717058,0.27224020957946776,1.011174780329978,0.505587390164989,0.0,2
PyFFTW,2D FFT (Large),"(4096, 4096)",float64,1,4,0.3590449333190918,0.0008881683726732368,0.5514702796936035,1.535936671200701,0.38398416780017525,256.00625,2
BetterFFTW,2D FFT (Large),"(4096, 4096)",float64,1,4,0.2693623065948486,0.0006685292091494981,0.27224020957946776,1.0106841340237995,0.2526710335059499,0.0,2
PyFFTW,2D FFT (Large),"(4096, 4096)",float64,1,6,0.34277844429016113,0.0019083282696751272,0.5514702796936035,1.608824267919208,0.26813737798653464,255.9953125,2
BetterFFTW,2D FFT (Large),"(4096, 4096)",float64,1,6,0.26894326210021974,0.00019509577741238805,0.27224020957946776,1.0122588959972512,0.16870981599954185,0.0,2
PyFFTW,2D FFT (Large),"(4096, 4096)",float64,1,8,0.22852721214294433,0.11514591872049476,0.5514702796936035,2.4131492898476243,0.30164366123095304,153.62421875,2
BetterFFTW,2D FFT (Large),"(4096, 4096)",float64,1,8,0.26929488182067873,0.0005027822776796961,0.27224020957946776,1.010937184319568,0.126367148039946,0.0,2
PyFFTW,2D FFT (Large),"(4096, 4096)",float64,1,10,0.1694178581237793,0.11629501894317788,0.5514702796936035,3.255089432724919,0.3255089432724919,102.3703125,2
BetterFFTW,2D FFT (Large),"(4096, 4096)",float64,1,10,0.26971096992492677,0.0009583594561254615,0.27224020957946776,1.0093775928181379,0.10093775928181378,0.0,2
PyFFTW,2D FFT (Large),"(4096, 4096)",float64,1,12,0.22265124320983887,0.11468748905732164,0.5514702796936035,2.4768344957044204,0.20640287464203502,153.6359375,2
BetterFFTW,2D FFT (Large),"(4096, 4096)",float64,1,12,0.2690634250640869,0.0004943952745112497,0.27224020957946776,1.0118068240401836,0.08431723533668196,0.0,2
PyFFTW,2D FFT (Large),"(4096, 4096)",float64,1,16,0.11163582801818847,0.09493829624028803,0.5514702796936035,4.9399040566416925,0.3087440035401058,51.1921875,2
BetterFFTW,2D FFT (Large),"(4096, 4096)",float64,1,16,0.2686854362487793,0.00015723285748984783,0.27224020957946776,1.0132302419525154,0.06332689012203221,0.0,2
PyFFTW,2D FFT (Large),"(4096, 4096)",float64,1,32,0.1116560935974121,0.0953665542179037,0.5514702796936035,4.939007464133468,0.15434398325417087,51.16484375,2
BetterFFTW,2D FFT (Large),"(4096, 4096)",float64,1,32,0.27001609802246096,0.001239477172783339,0.27224020957946776,1.008236959104645,0.031507404972020155,0.0,2
PyFFTW,2D FFT (Large),"(4096, 4096)",float64,1,64,0.0639338493347168,0.00011483789177710505,0.5514702796936035,8.625638616039797,0.13477560337562183,0.0203125,2
BetterFFTW,2D FFT (Large),"(4096, 4096)",float64,1,64,0.26886720657348634,0.00030368554323061066,0.27224020957946776,1.0125452376619963,0.015821019338468693,0.0,2
PyFFTW,2D FFT (Large),"(4096, 4096)",float64,2,1,0.5418312072753906,0.001606161500022943,0.5414080619812012,0.9992190459159463,0.9992190459159463,0.0,1
BetterFFTW,2D FFT (Large),"(4096, 4096)",float64,2,1,0.2701451778411865,0.0012305148227739259,0.2698197841644287,0.9987954858962942,0.9987954858962942,0.0,1
NumPy FFT,2D FFT (Large),"(4096, 4096)",float64,2,1,0.6297576904296875,0.001428593712235249,0.6266955852508544,0.9951376454382894,0.9951376454382894,0.0,1
PyFFTW,2D FFT (Large),"(4096, 4096)",float64,2,2,0.44928483963012694,0.0004885367473820941,0.5414080619812012,1.2050441373159053,0.6025220686579527,256.03125,2
BetterFFTW,2D FFT (Large),"(4096, 4096)",float64,2,2,0.2696212291717529,0.0006518798672705569,0.2698197841644287,1.0007364219549244,0.5003682109774622,0.0,2
PyFFTW,2D FFT (Large),"(4096, 4096)",float64,2,4,0.3599389553070068,0.0013011789013562993,0.5414080619812012,1.5041663426494414,0.37604158566236034,256.0109375,2
BetterFFTW,2D FFT (Large),"(4096, 4096)",float64,2,4,0.26929302215576173,0.00034249820638438923,0.2698197841644287,1.0019560923058835,0.25048902307647086,0.0,2
PyFFTW,2D FFT (Large),"(4096, 4096)",float64,2,6,0.34188690185546877,0.0008926236042273007,0.5414080619812012,1.58358819551993,0.26393136591998834,255.9875,2
BetterFFTW,2D FFT (Large),"(4096, 4096)",float64,2,6,0.26953864097595215,0.0008973828154230028,0.2698197841644287,1.0010430533724537,0.16684050889540894,0.0,2
PyFFTW,2D FFT (Large),"(4096, 4096)",float64,2,8,0.22808914184570311,0.11484064387812067,0.5414080619812012,2.373668722676202,0.29670859033452524,153.6,2
BetterFFTW,2D FFT (Large),"(4096, 4096)",float64,2,8,0.2689572811126709,0.0001341491834021404,0.2698197841644287,1.0032068403137837,0.12540085503922296,0.0,2
PyFFTW,2D FFT (Large),"(4096, 4096)",float64,2,10,0.16591172218322753,0.1125766682099606,0.5414080619812012,3.26322971551876,0.326322971551876,102.37890625,2
BetterFFTW,2D FFT (Large),"(4096, 4096)",float64,2,10,0.27001290321350097,0.0014336933146881792,0.2698197841644287,0.9992847784429044,0.09992847784429044,0.0,2
PyFFTW,2D FFT (Large),"(4096, 4096)",float64,2,12,0.17253074645996094,0.11080983720240833,0.5414080619812012,3.138038135752489,0.2615031779793741,102.38515625,2
BetterFFTW,2D FFT (Large),"(4096, 4096)",float64,2,12,0.26987786293029786,0.000987720176429327,0.2698197841644287,0.9997847961102161,0.08331539967585135,0.0,2
PyFFTW,2D FFT (Large),"(4096, 4096)",float64,2,16,0.11094355583190918,0.09375982095723051,0.5414080619812012,4.880031633396443,0.30500197708727766,51.16171875,2
BetterFFTW,2D FFT (Large),"(4096, 4096)",float64,2,16,0.2695652961730957,0.0005217779878331214,0.2698197841644287,1.0009440680790362,0.06255900425493977,0.0,2
PyFFTW,2D FFT (Large),"(4096, 4096)",float64,2,32,0.11116294860839844,0.0943721638689755,0.5414080619812012,4.870400333554101,0.15220001042356565,51.225,2
BetterFFTW,2D FFT (Large),"(4096, 4096)",float64,2,32,0.26923089027404784,0.0006476822512107627,0.2698197841644287,1.0021873191808763,0.031318353724402385,0.0,2
PyFFTW,2D FFT (Large),"(4096, 4096)",float64,2,64,0.11494793891906738,0.10160862911040311,0.5414080619812012,4.710028444810969,0.07359419445017139,51.16640625,2
BetterFFTW,2D FFT (Large),"(4096, 4096)",float64,2,64,0.26889452934265134,0.0005068377634129383,0.2698197841644287,1.0034409581483092,0.015678764971067332,0.0,2
PyFFTW,2D FFT (Very Large),"(8192, 8192)",float32,0,1,1.244793176651001,0.0031865494310345964,7.570759916305542,6.081942011181296,6.081942011181296,0.0,1
BetterFFTW,2D FFT (Very Large),"(8192, 8192)",float32,0,1,0.6994462490081788,0.0009421023120813593,0.6990808486938477,0.9994775862836505,0.9994775862836505,0.0,1
NumPy FFT,2D FFT (Very Large),"(8192, 8192)",float32,0,1,2.7239066123962403,0.004884364690254684,2.7291406631469726,1.0019215235672592,1.0019215235672592,0.0,1
PyFFTW,2D FFT (Very Large),"(8192, 8192)",float32,0,2,3.9770514965057373,0.20386151854829335,7.570759916305542,1.9036112363536806,0.9518056181768403,0.00078125,2
BetterFFTW,2D FFT (Very Large),"(8192, 8192)",float32,0,2,0.6986394405364991,0.0006820116277255047,0.6990808486938477,1.0006318111056107,0.5003159055528054,0.0,2
PyFFTW,2D FFT (Very Large),"(8192, 8192)",float32,0,4,2.1764076232910154,0.02009791045337785,7.570759916305542,3.478557892963798,0.8696394732409495,0.00390625,2
BetterFFTW,2D FFT (Very Large),"(8192, 8192)",float32,0,4,0.6987350940704345,0.0007284211250748022,0.6990808486938477,1.0004948293371083,0.2501237073342771,0.0,2
PyFFTW,2D FFT (Very Large),"(8192, 8192)",float32,0,6,1.6722161293029785,0.026408081957628903,7.570759916305542,4.527381229997599,0.7545635383329331,-0.02265625,2
BetterFFTW,2D FFT (Very Large),"(8192, 8192)",float32,0,6,0.6991671562194824,0.0013747266097145186,0.6990808486938477,0.9998765566647875,0.1666460927774646,0.0,2
PyFFTW,2D FFT (Very Large),"(8192, 8192)",float32,0,8,1.403000831604004,0.023018415331282918,7.570759916305542,5.396119336330076,0.6745149170412595,-0.0328125,2
BetterFFTW,2D FFT (Very Large),"(8192, 8192)",float32,0,8,0.6989488124847412,0.0011568507212181358,0.6990808486938477,1.0001889068365923,0.12502361335457404,0.0,2
PyFFTW,2D FFT (Very Large),"(8192, 8192)",float32,0,10,1.2915392875671388,0.03323926265966817,7.570759916305542,5.861811552451119,0.5861811552451119,0.04375,2
BetterFFTW,2D FFT (Very Large),"(8192, 8192)",float32,0,10,0.7054993152618408,0.0008071234918863561,0.6990808486938477,0.9909022355810353,0.09909022355810353,0.0,2
PyFFTW,2D FFT (Very Large),"(8192, 8192)",float32,0,12,1.1614459037780762,0.03242246263635694,7.570759916305542,6.51839219689747,0.5431993497414559,-0.03671875,2
BetterFFTW,2D FFT (Very Large),"(8192, 8192)",float32,0,12,0.7061588287353515,0.00177242522653824,0.6990808486938477,0.9899767874400442,0.08249806562000368,0.0,2
PyFFTW,2D FFT (Very Large),"(8192, 8192)",float32,0,16,1.0471686840057373,0.02498675877664265,7.570759916305542,7.229742477921603,0.45185890487010016,0.02734375,2
BetterFFTW,2D FFT (Very Large),"(8192, 8192)",float32,0,16,0.7052626609802246,0.0005316362025821957,0.6990808486938477,0.9912347375972166,0.06195217109982604,0.0,2
PyFFTW,2D FFT (Very Large),"(8192, 8192)",float32,0,32,1.0414891242980957,0.008130949886277732,7.570759916305542,7.269168481627499,0.22716151505085935,-0.02109375,2
BetterFFTW,2D FFT (Very Large),"(8192, 8192)",float32,0,32,0.7052219390869141,0.00043053791522401386,0.6990808486938477,0.991291974834167,0.030977874213567718,0.0,2
PyFFTW,2D FFT (Very Large),"(8192, 8192)",float32,0,64,1.0476649761199952,0.017176973633316776,7.570759916305542,7.226317657715055,0.11291121340179773,-0.02109375,2
BetterFFTW,2D FFT (Very Large),"(8192, 8192)",float32,0,64,0.7059094429016113,0.001709788837720177,0.6990808486938477,0.9903265294487421,0.015473852022636595,0.0,2
PyFFTW,2D FFT (Very Large),"(8192, 8192)",float32,1,1,1.257523536682129,0.003707343539431429,1.2610180377960205,1.0027788753148204,1.0027788753148204,0.0,1
BetterFFTW,2D FFT (Very Large),"(8192, 8192)",float32,1,1,0.7061477661132812,0.0013150339916516269,0.7059338569641114,0.999697075938727,0.999697075938727,0.0,1
NumPy FFT,2D FFT (Very Large),"(8192, 8192)",float32,1,1,2.7407007694244383,0.006853914702911533,2.738790225982666,0.9993028996586981,0.9993028996586981,0.0,1
PyFFTW,2D FFT (Very Large),"(8192, 8192)",float32,1,2,4.000925540924072,0.0651557421203821,1.2610180377960205,0.3151815810860529,0.15759079054302644,-0.03203125,2
BetterFFTW,2D FFT (Very Large),"(8192, 8192)",float32,1,2,0.7056406974792481,0.000885798233056188,0.7059338569641114,1.000415451498065,0.5002077257490325,0.0,2
PyFFTW,2D FFT (Very Large),"(8192, 8192)",float32,1,4,2.224332094192505,0.03161208366422142,1.2610180377960205,0.5669198592640032,0.1417299648160008,0.046875,2
BetterFFTW,2D FFT (Very Large),"(8192, 8192)",float32,1,4,0.704844331741333,0.0004026859056345249,0.7059338569641114,1.0015457671626395,0.2503864417906599,0.0,2
PyFFTW,2D FFT (Very Large),"(8192, 8192)",float32,1,6,1.698357915878296,0.056654534969619454,1.2610180377960205,0.7424925135076091,0.12374875225126819,-0.0203125,2
BetterFFTW,2D FFT (Very Large),"(8192, 8192)",float32,1,6,0.7050165653228759,0.00023086746519725276,0.7059338569641114,1.0013010923237178,0.1668835153872863,0.0,2
PyFFTW,2D FFT (Very Large),"(8192, 8192)",float32,1,8,1.4649078369140625,0.05435796310608502,1.2610180377960205,0.8608173197110127,0.10760216496387659,0.015625,2
BetterFFTW,2D FFT (Very Large),"(8192, 8192)",float32,1,8,0.7047372341156006,0.00036852452859281574,0.7059338569641114,1.001697970237109,0.12521224627963862,0.0,2
PyFFTW,2D FFT (Very Large),"(8192, 8192)",float32,1,10,1.2481833457946778,0.013717681044003047,1.2610180377960205,1.0102826976858685,0.10102826976858685,0.0203125,2
BetterFFTW,2D FFT (Very Large),"(8192, 8192)",float32,1,10,0.7072595596313477,0.0014443828117296836,0.7059338569641114,0.9981255782984011,0.09981255782984011,0.0,2
PyFFTW,2D FFT (Very Large),"(8192, 8192)",float32,1,12,1.1486101150512695,0.0050410243664214685,1.2610180377960205,1.097864298138915,0.09148869151157625,0.0078125,2
BetterFFTW,2D FFT (Very Large),"(8192, 8192)",float32,1,12,0.7067492485046387,0.0009005689321911714,0.7059338569641114,0.9988462788715339,0.08323718990596116,0.0,2
PyFFTW,2D FFT (Very Large),"(8192, 8192)",float32,1,16,1.0549850463867188,0.005841551132879534,1.2610180377960205,1.1952947031002539,0.07470591894376587,-0.00859375,2
BetterFFTW,2D FFT (Very Large),"(8192, 8192)",float32,1,16,0.7069694995880127,0.001343915616790758,0.7059338569641114,0.9985350957509413,0.062408443484433834,0.0,2
PyFFTW,2D FFT (Very Large),"(8192, 8192)",float32,1,32,1.0603274345397948,0.010516470885865093,1.2610180377960205,1.1892722914816685,0.03716475910880214,-0.02109375,2
BetterFFTW,2D FFT (Very Large),"(8192, 8192)",float32,1,32,0.7059338569641114,0.0006051862985513525,0.7059338569641114,1.0,0.03125,0.0,2
PyFFTW,2D FFT (Very Large),"(8192, 8192)",float32,1,64,1.0542264461517334,0.02701768401442454,1.2610180377960205,1.1961548132274078,0.018689918956678247,0.02265625,2
BetterFFTW,2D FFT (Very Large),"(8192, 8192)",float32,1,64,0.7066399097442627,0.0009450517741446757,0.7059338569641114,0.9990008308752235,0.015609387982425367,0.0,2
PyFFTW,2D FFT (Very Large),"(8192, 8192)",float32,2,1,1.2617814064025878,0.006151822469627851,1.2597866535186768,0.9984190978930351,0.9984190978930351,0.0,1
BetterFFTW,2D FFT (Very Large),"(8192, 8192)",float32,2,1,0.707347822189331,0.0008831534257662147,0.7058946132659912,0.9979455525587936,0.9979455525587936,0.0,1
NumPy FFT,2D FFT (Very Large),"(8192, 8192)",float32,2,1,2.743471145629883,0.002893843145253352,2.741341733932495,0.999223825735955,0.999223825735955,0.0,1
PyFFTW,2D FFT (Very Large),"(8192, 8192)",float32,2,2,4.017964220046997,0.10324422263038324,1.2597866535186768,0.31353854452789065,0.15676927226394533,0.003125,2
BetterFFTW,2D FFT (Very Large),"(8192, 8192)",float32,2,2,0.7068191528320312,0.0009820510600652168,0.7058946132659912,0.998691971542741,0.4993459857713705,0.0,2
PyFFTW,2D FFT (Very Large),"(8192, 8192)",float32,2,4,2.2543038368225097,0.05309168037766901,1.2597866535186768,0.5588362282585534,0.13970905706463835,-0.003125,2
BetterFFTW,2D FFT (Very Large),"(8192, 8192)",float32,2,4,0.7064538955688476,0.0016289352982884076,0.7058946132659912,0.999208324412443,0.24980208110311075,0.0,2
PyFFTW,2D FFT (Very Large),"(8192, 8192)",float32,2,6,1.6895811080932617,0.02005580663700516,1.2597866535186768,0.7456207029565928,0.12427011715943213,-0.015625,2
BetterFFTW,2D FFT (Very Large),"(8192, 8192)",float32,2,6,0.7065134525299073,0.000631277335494291,0.7058946132659912,0.9991240941531968,0.16652068235886613,0.0,2
PyFFTW,2D FFT (Very Large),"(8192, 8192)",float32,2,8,1.4131465435028077,0.025090451188250436,1.2597866535186768,0.8914763011032152,0.1114345376379019,0.04375,2
BetterFFTW,2D FFT (Very Large),"(8192, 8192)",float32,2,8,0.7066039085388184,0.0011962552512114124,0.7058946132659912,0.9989961911273688,0.1248745238909211,0.0,2
PyFFTW,2D FFT (Very Large),"(8192, 8192)",float32,2,10,1.2799896240234374,0.038711464167561035,1.2597866535186768,0.9842163013468376,0.09842163013468376,0.0046875,2
BetterFFTW,2D FFT (Very Large),"(8192, 8192)",float32,2,10,0.7060410022735596,0.0008283363706720587,0.7058946132659912,0.999792662172456,0.0999792662172456,0.0,2
PyFFTW,2D FFT (Very Large),"(8192, 8192)",float32,2,12,1.1658594608306885,0.00821075540058803,1.2597866535186768,1.080564764316502,0.09004706369304183,0.01015625,2
BetterFFTW,2D FFT (Very Large),"(8192, 8192)",float32,2,12,0.7061127185821533,0.0010037086644306872,0.7058946132659912,0.9996911182727313,0.08330759318939428,0.0,2
PyFFTW,2D FFT (Very Large),"(8192, 8192)",float32,2,16,1.0552659988403321,0.009476068407018168,1.2597866535186768,1.1938095749347553,0.0746130984334222,0.01171875,2
BetterFFTW,2D FFT (Very Large),"(8192, 8192)",float32,2,16,0.7061375617980957,0.001217749406532465,0.7058946132659912,0.999655947303687,0.06247849670648044,0.0,2
PyFFTW,2D FFT (Very Large),"(8192, 8192)",float32,2,32,1.0612561225891113,0.017978483941145387,1.2597866535186768,1.187071270265294,0.037095977195790435,0.03046875,2
BetterFFTW,2D FFT (Very Large),"(8192, 8192)",float32,2,32,0.7069062709808349,0.0013183253381698666,0.7058946132659912,0.9985688941287223,0.03120527794152257,0.0,2
PyFFTW,2D FFT (Very Large),"(8192, 8192)",float32,2,64,1.0674274921417237,0.0080931905589308,1.2597866535186768,1.18020817600547,0.018440752750085467,0.03046875,2
BetterFFTW,2D FFT (Very Large),"(8192, 8192)",float32,2,64,0.7059173107147216,0.0007250493999680997,0.7058946132659912,0.9999678468733011,0.01562449760739533,0.0,2
PyFFTW,2D FFT (Very Large),"(8192, 8192)",float64,0,1,2.3984119415283205,0.006009928788380237,2.407020854949951,1.0035894223475825,1.0035894223475825,0.0,1
BetterFFTW,2D FFT (Very Large),"(8192, 8192)",float64,0,1,1.415494680404663,0.001666573768458577,1.4154436588287354,0.9999639549504254,0.9999639549504254,0.0,1
NumPy FFT,2D FFT (Very Large),"(8192, 8192)",float64,0,1,2.7637643814086914,0.0045598473271581475,2.761976432800293,0.9993530748784428,0.9993530748784428,0.0,1
PyFFTW,2D FFT (Very Large),"(8192, 8192)",float64,0,2,1.8686676502227784,0.007281773313149712,2.407020854949951,1.2880946778647298,0.6440473389323649,-0.01796875,2
BetterFFTW,2D FFT (Very Large),"(8192, 8192)",float64,0,2,1.4184152603149414,0.004521073086417407,1.4154436588287354,0.9979049848310669,0.49895249241553347,0.0,2
PyFFTW,2D FFT (Very Large),"(8192, 8192)",float64,0,4,1.4657163619995117,0.00494793250637551,2.407020854949951,1.642214631258072,0.410553657814518,-0.01484375,2
BetterFFTW,2D FFT (Very Large),"(8192, 8192)",float64,0,4,1.4161911010742188,0.002982140033436429,1.4154436588287354,0.9994722165356664,0.2498680541339166,0.0,2
PyFFTW,2D FFT (Very Large),"(8192, 8192)",float64,0,6,1.4323324680328369,0.007688449527108967,2.407020854949951,1.6804903251657415,0.2800817208609569,-0.01796875,2
BetterFFTW,2D FFT (Very Large),"(8192, 8192)",float64,0,6,1.4190599918365479,0.002870086895543259,1.4154436588287354,0.9974515996303072,0.16624193327171785,0.0,2
PyFFTW,2D FFT (Very Large),"(8192, 8192)",float64,0,8,1.2709388256072998,0.00458987534005579,2.407020854949951,1.8938919847694407,0.23673649809618008,-0.03203125,2
BetterFFTW,2D FFT (Very Large),"(8192, 8192)",float64,0,8,1.4201075553894043,0.004014492129497933,1.4154436588287354,0.9967158145571657,0.12458947681964572,0.0,2
PyFFTW,2D FFT (Very Large),"(8192, 8192)",float64,0,10,1.227560806274414,0.0061187638130476675,2.407020854949951,1.9608159878084894,0.19608159878084894,-0.01796875,2
BetterFFTW,2D FFT (Very Large),"(8192, 8192)",float64,0,10,1.4200958728790283,0.0038826424786362053,1.4154436588287354,0.9967240141041596,0.09967240141041596,0.0,2
PyFFTW,2D FFT (Very Large),"(8192, 8192)",float64,0,12,1.3682741165161132,0.006196245212874522,2.407020854949951,1.7591656714801307,0.1465971392900109,-0.00625,2
BetterFFTW,2D FFT (Very Large),"(8192, 8192)",float64,0,12,1.4179697513580323,0.0007663992486253448,1.4154436588287354,0.9982185145156464,0.0831848762096372,0.0,2
PyFFTW,2D FFT (Very Large),"(8192, 8192)",float64,0,16,1.193436861038208,0.01849787451644762,2.407020854949951,2.0168816076755065,0.12605510047971916,614.36015625,2
BetterFFTW,2D FFT (Very Large),"(8192, 8192)",float64,0,16,1.4244841098785401,0.002639835919654354,1.4154436588287354,0.9936535262225034,0.06210334538890646,0.0,2
PyFFTW,2D FFT (Very Large),"(8192, 8192)",float64,0,32,1.1870318412780763,0.006116180550527765,2.407020854949951,2.0277643541207064,0.06336763606627208,819.19375,2
BetterFFTW,2D FFT (Very Large),"(8192, 8192)",float64,0,32,1.4249736785888671,0.0015321392990264445,1.4154436588287354,0.993312143302486,0.031041004478202686,0.0,2
PyFFTW,2D FFT (Very Large),"(8192, 8192)",float64,0,64,1.1892563343048095,0.004927878945499239,2.407020854949951,2.0239714395610067,0.03162455374314073,1023.99140625,2
BetterFFTW,2D FFT (Very Large),"(8192, 8192)",float64,0,64,1.4254722595214844,0.0029311213432046085,1.4154436588287354,0.9929647170432376,0.015515073703800588,0.0,2
PyFFTW,2D FFT (Very Large),"(8192, 8192)",float64,1,1,2.417841577529907,0.009608118246097353,2.412452507019043,0.9977711234015713,0.9977711234015713,0.0,1
BetterFFTW,2D FFT (Very Large),"(8192, 8192)",float64,1,1,1.4249341011047363,0.00159723964523934,1.4254106521606444,1.000334437259617,1.000334437259617,0.0,1
NumPy FFT,2D FFT (Very Large),"(8192, 8192)",float64,1,1,2.7795983791351317,0.005900898618474322,2.7746979713439943,0.9982370086887653,0.9982370086887653,0.0,1
PyFFTW,2D FFT (Very Large),"(8192, 8192)",float64,1,2,1.8732506275177,0.007820598419010644,2.412452507019043,1.2878428927664929,0.6439214463832464,-0.03046875,2
BetterFFTW,2D FFT (Very Large),"(8192, 8192)",float64,1,2,1.4255444049835204,0.002962353915897981,1.4254106521606444,0.9999061742149817,0.49995308710749087,0.0,2
PyFFTW,2D FFT (Very Large),"(8192, 8192)",float64,1,4,1.4725588798522948,0.006494871882473189,2.412452507019043,1.638272357069365,0.40956808926734123,-0.0265625,2
BetterFFTW,2D FFT (Very Large),"(8192, 8192)",float64,1,4,1.425510787963867,0.0023924766942189668,1.4254106521606444,0.9999297544402553,0.24998243861006383,0.0,2
PyFFTW,2D FFT (Very Large),"(8192, 8192)",float64,1,6,1.437708330154419,0.005321331321356723,2.412452507019043,1.6779846484995535,0.2796641080832589,-0.028125,2
BetterFFTW,2D FFT (Very Large),"(8192, 8192)",float64,1,6,1.4260783195495605,0.0022305992991623006,1.4254106521606444,0.9995318157637184,0.16658863596061974,0.0,2
PyFFTW,2D FFT (Very Large),"(8192, 8192)",float64,1,8,1.2761345863342286,0.005139711033892268,2.412452507019043,1.8904373667584342,0.23630467084480428,-0.028125,2
BetterFFTW,2D FFT (Very Large),"(8192, 8192)",float64,1,8,1.4257929801940918,0.002322873380282142,1.4254106521606444,0.9997318488456891,0.12496648110571114,0.0,2
PyFFTW,2D FFT (Very Large),"(8192, 8192)",float64,1,10,1.2341341972351074,0.006654459720766831,2.412452507019043,1.9547732429939797,0.19547732429939796,-0.02421875,2
BetterFFTW,2D FFT (Very Large),"(8192, 8192)",float64,1,10,1.4247541427612305,0.0025047099565879277,1.4254106521606444,1.000460787850837,0.10004607878508369,0.0,2
PyFFTW,2D FFT (Very Large),"(8192, 8192)",float64,1,12,1.3728723526000977,0.005735552528867813,2.412452507019043,1.7572300166509094,0.14643583472090912,0.0078125,2
BetterFFTW,2D FFT (Very Large),"(8192, 8192)",float64,1,12,1.4253423690795899,0.002559355666476167,1.4254106521606444,1.0000479064416634,0.08333732553680528,0.0,2
PyFFTW,2D FFT (Very Large),"(8192, 8192)",float64,1,16,1.1835185527801513,0.005489634144201026,2.412452507019043,2.0383732061927184,0.1273983253870449,1023.95703125,2
BetterFFTW,2D FFT (Very Large),"(8192, 8192)",float64,1,16,1.4230955123901368,0.002123860609310589,1.4254106521606444,1.0016268337229308,0.06260167710768318,0.0,2
PyFFTW,2D FFT (Very Large),"(8192, 8192)",float64,1,32,1.1847900867462158,0.005832626521604054,2.412452507019043,2.0361855943987104,0.0636307998249597,1024.04296875,2
BetterFFTW,2D FFT (Very Large),"(8192, 8192)",float64,1,32,1.4260015487670898,0.002503196213407308,1.4254106521606444,0.9995856269532412,0.031237050842288786,0.0,2
PyFFTW,2D FFT (Very Large),"(8192, 8192)",float64,1,64,1.1874794960021973,0.0041384261464467945,2.412452507019043,2.031574031501912,0.03174334424221738,1023.9734375,2
BetterFFTW,2D FFT (Very Large),"(8192, 8192)",float64,1,64,1.4258976936340333,0.003696237446864616,1.4254106521606444,0.9996584316844306,0.015619662995069228,0.0,2
PyFFTW,2D FFT (Very Large),"(8192, 8192)",float64,2,1,2.4140744686126707,0.008713042219479265,2.413033103942871,0.9995686277770884,0.9995686277770884,0.0,1
BetterFFTW,2D FFT (Very Large),"(8192, 8192)",float64,2,1,1.4279540538787843,0.004802006485944881,1.4251778602600098,0.9980558242674311,0.9980558242674311,0.0,1
NumPy FFT,2D FFT (Very Large),"(8192, 8192)",float64,2,1,2.7759069442749023,0.008475264597401767,2.774051237106323,0.9993314951812753,0.9993314951812753,0.0,1
PyFFTW,2D FFT (Very Large),"(8192, 8192)",float64,2,2,1.8744511127471923,0.00406390051860724,2.413033103942871,1.2873278409519755,0.6436639204759877,-0.03203125,2
BetterFFTW,2D FFT (Very Large),"(8192, 8192)",float64,2,2,1.42617826461792,0.0016303618581434542,1.4251778602600098,0.999298541856422,0.499649270928211,0.0,2
PyFFTW,2D FFT (Very Large),"(8192, 8192)",float64,2,4,1.471309757232666,0.006672382446062246,2.413033103942871,1.640057841036451,0.41001446025911276,-0.003125,2
BetterFFTW,2D FFT (Very Large),"(8192, 8192)",float64,2,4,1.4268833160400392,0.0012630587507786912,1.4251778602600098,0.9988047685743762,0.24970119214359404,0.0,2
PyFFTW,2D FFT (Very Large),"(8192, 8192)",float64,2,6,1.4362221717834474,0.00559244698902666,2.413033103942871,1.6801252280811514,0.28002087134685855,-0.0125,2
BetterFFTW,2D FFT (Very Large),"(8192, 8192)",float64,2,6,1.3930449485778809,0.002093150815619647,1.4251778602600098,1.0230666725542004,0.17051111209236672,0.0,2
PyFFTW,2D FFT (Very Large),"(8192, 8192)",float64,2,8,1.2523992538452149,0.004688833090382098,2.413033103942871,1.926728314899731,0.24084103936246637,-0.01015625,2
BetterFFTW,2D FFT (Very Large),"(8192, 8192)",float64,2,8,1.3941205024719239,0.0030410753995760704,1.4251778602600098,1.022277384008784,0.127784673001098,0.0,2
PyFFTW,2D FFT (Very Large),"(8192, 8192)",float64,2,10,1.2076940059661865,0.005654473196497726,2.413033103942871,1.9980500789290432,0.1998050078929043,204.7921875,2
BetterFFTW,2D FFT (Very Large),"(8192, 8192)",float64,2,10,1.3922395706176758,0.0009104859981587297,1.4251778602600098,1.023658492645573,0.1023658492645573,0.0,2
PyFFTW,2D FFT (Very Large),"(8192, 8192)",float64,2,12,1.3500874042510986,0.005129389269687002,2.413033103942871,1.7873162110429397,0.14894301758691164,-0.03046875,2
BetterFFTW,2D FFT (Very Large),"(8192, 8192)",float64,2,12,1.3934943675994873,0.0021527962263701507,1.4251778602600098,1.0227367210067038,0.08522806008389198,0.0,2
PyFFTW,2D FFT (Very Large),"(8192, 8192)",float64,2,16,1.159461545944214,0.006829554768326156,2.413033103942871,2.0811669972011053,0.13007293732506908,614.35078125,2
BetterFFTW,2D FFT (Very Large),"(8192, 8192)",float64,2,16,1.3948884010314941,0.004958878108416516,1.4251778602600098,1.0217146111517719,0.06385716319698574,0.0,2
PyFFTW,2D FFT (Very Large),"(8192, 8192)",float64,2,32,1.161625337600708,0.005634336532421035,2.413033103942871,2.077290349853161,0.06491532343291129,409.58671875,2
BetterFFTW,2D FFT (Very Large),"(8192, 8192)",float64,2,32,1.3935500144958497,0.0019349303860915535,1.4251778602600098,1.022695881335556,0.031959246291736125,0.0,2
PyFFTW,2D FFT (Very Large),"(8192, 8192)",float64,2,64,1.1746662139892579,0.020744387941495215,2.413033103942871,2.0542287461797537,0.03209732415905865,409.60546875,2
BetterFFTW,2D FFT (Very Large),"(8192, 8192)",float64,2,64,1.3923635959625245,0.0018874981177319941,1.4251778602600098,1.0235673098554414,0.015993239216491272,0.0,2
PyFFTW,3D FFT,"(128, 128, 128)",float32,0,1,0.015069675445556641,0.00032565109774521485,0.021006107330322266,1.3939322984235873,1.3939322984235873,0.0,1
BetterFFTW,3D FFT,"(128, 128, 128)",float32,0,1,0.014473295211791993,4.563946916637431e-05,0.014762115478515626,1.0199553911184178,1.0199553911184178,0.0,1
NumPy FFT,3D FFT,"(128, 128, 128)",float32,0,1,0.05029826164245606,0.0005372330319367738,0.04540815353393555,0.9027777909447106,0.9027777909447106,0.0,1
PyFFTW,3D FFT,"(128, 128, 128)",float32,0,2,0.011411952972412109,5.451635666506932e-05,0.021006107330322266,1.8407109967157769,0.9203554983578884,0.0,2
BetterFFTW,3D FFT,"(128, 128, 128)",float32,0,2,0.01439061164855957,4.675937238118842e-05,0.014762115478515626,1.0258157081178159,0.5129078540589079,0.0,2
PyFFTW,3D FFT,"(128, 128, 128)",float32,0,4,0.007048797607421875,3.957616275282031e-05,0.021006107330322266,2.9800979543240613,0.7450244885810153,0.0,3
BetterFFTW,3D FFT,"(128, 128, 128)",float32,0,4,0.014454889297485351,3.190550171845551e-05,0.014762115478515626,1.021254135864169,0.2553135339660422,0.0,3
PyFFTW,3D FFT,"(128, 128, 128)",float32,0,6,0.014521408081054687,0.00012194259861874113,0.021006107330322266,1.446561326082959,0.24109355434715984,0.0,3
BetterFFTW,3D FFT,"(128, 128, 128)",float32,0,6,0.014491605758666991,9.614311901973727e-05,0.014762115478515626,1.0186666491176695,0.1697777748529449,0.0,3
PyFFTW,3D FFT,"(128, 128, 128)",float32,0,8,0.005059146881103515,1.4856060440295995e-05,0.021006107330322266,4.152104657957738,0.5190130822447172,0.0,3
BetterFFTW,3D FFT,"(128, 128, 128)",float32,0,8,0.014524364471435547,0.00013941927559957967,0.014762115478515626,1.016369116015207,0.12704613950190088,0.0,3
PyFFTW,3D FFT,"(128, 128, 128)",float32,0,10,0.014745855331420898,0.00011237885459549951,0.021006107330322266,1.4245431586163633,0.14245431586163632,0.0,3
BetterFFTW,3D FFT,"(128, 128, 128)",float32,0,10,0.0145263671875,0.00011761273328303978,0.014762115478515626,1.0162289915966387,0.10162289915966387,0.0,3
PyFFTW,3D FFT,"(128, 128, 128)",float32,0,12,0.014842891693115234,4.660472805512335e-05,0.021006107330322266,1.4152301158450002,0.11793584298708336,0.0,3
BetterFFTW,3D FFT,"(128, 128, 128)",float32,0,12,0.014442014694213866,5.1529839428317364e-05,0.014762115478515626,1.0221645519049365,0.08518037932541138,0.0,3
PyFFTW,3D FFT,"(128, 128, 128)",float32,0,16,0.004804420471191406,7.598851579217792e-05,0.021006107330322266,4.3722458215887885,0.2732653638492993,0.0,3
BetterFFTW,3D FFT,"(128, 128, 128)",float32,0,16,0.014479446411132812,8.61603182247822e-05,0.014762115478515626,1.0195220907869431,0.06372013067418394,0.0,3
PyFFTW,3D FFT,"(128, 128, 128)",float32,0,32,0.0047684192657470705,4.1554764746063034e-05,0.021006107330322266,4.4052559474405255,0.13766424835751642,0.0,3
BetterFFTW,3D FFT,"(128, 128, 128)",float32,0,32,0.014580488204956055,3.0083096632480378e-05,0.014762115478515626,1.0124568718829206,0.03163927724634127,0.0,3
PyFFTW,3D FFT,"(128, 128, 128)",float32,0,64,0.004981088638305664,0.0004297198002278237,0.021006107330322266,4.217171958912895,0.06589331185801399,0.0,3
BetterFFTW,3D FFT,"(128, 128, 128)",float32,0,64,0.014609813690185547,0.00012223774260865542,0.014762115478515626,1.0104246222135187,0.01578788472208623,0.0,3
PyFFTW,3D FFT,"(128, 128, 128)",float32,1,1,0.0160616397857666,0.0015847329291719945,0.016212654113769532,1.009402173751696,1.009402173751696,0.0,1
BetterFFTW,3D FFT,"(128, 128, 128)",float32,1,1,0.01456437110900879,4.259535917194902e-05,0.014771127700805664,1.0141960535233125,1.0141960535233125,0.0,1
NumPy FFT,3D FFT,"(128, 128, 128)",float32,1,1,0.051395416259765625,0.0005423274040957961,0.04657578468322754,0.9062244860090551,0.9062244860090551,0.0,1
PyFFTW,3D FFT,"(128, 128, 128)",float32,1,2,0.012958717346191407,0.001906060340438744,0.016212654113769532,1.251100219307929,0.6255501096539645,0.0,2
BetterFFTW,3D FFT,"(128, 128, 128)",float32,1,2,0.014595937728881837,7.689025420506362e-05,0.014771127700805664,1.012002652736533,0.5060013263682664,0.0,2
PyFFTW,3D FFT,"(128, 128, 128)",float32,1,4,0.008026885986328124,0.0017461078156894398,0.016212654113769532,2.01979374584165,0.5049484364604125,0.0,3
BetterFFTW,3D FFT,"(128, 128, 128)",float32,1,4,0.014582252502441407,5.5829181080609095e-05,0.014771127700805664,1.0129524021294127,0.2532381005323532,0.0,3
PyFFTW,3D FFT,"(128, 128, 128)",float32,1,6,0.015730857849121094,0.0018036221133635685,0.016212654113769532,1.0306274628675356,0.17177124381125594,0.0,3
BetterFFTW,3D FFT,"(128, 128, 128)",float32,1,6,0.01462240219116211,7.383087008779207e-05,0.014771127700805664,1.0101710722834203,0.16836184538057006,0.0,3
PyFFTW,3D FFT,"(128, 128, 128)",float32,1,8,0.005673599243164062,0.001782431249068976,0.016212654113769532,2.857560680427621,0.3571950850534526,0.0,3
BetterFFTW,3D FFT,"(128, 128, 128)",float32,1,8,0.0146728515625,7.0607588739146e-05,0.014771127700805664,1.0066978213394342,0.12583722766742927,0.0,3
PyFFTW,3D FFT,"(128, 128, 128)",float32,1,10,0.015286922454833984,0.0017332112617263026,0.016212654113769532,1.0605570978508376,0.10605570978508376,0.0,3
BetterFFTW,3D FFT,"(128, 128, 128)",float32,1,10,0.014608049392700195,7.14434470114148e-05,0.014771127700805664,1.0111635923264992,0.10111635923264992,0.0,3
PyFFTW,3D FFT,"(128, 128, 128)",float32,1,12,0.015389108657836914,0.0016712097170656728,0.016212654113769532,1.053514824948177,0.08779290207901475,0.0,3
BetterFFTW,3D FFT,"(128, 128, 128)",float32,1,12,0.014595127105712891,0.00010897002990840213,0.014771127700805664,1.0120588600440403,0.08433823833700337,0.0,3
PyFFTW,3D FFT,"(128, 128, 128)",float32,1,16,0.0047242164611816405,0.0018926862972977719,0.016212654113769532,3.431818640612068,0.21448866503825426,0.0,3
BetterFFTW,3D FFT,"(128, 128, 128)",float32,1,16,0.014632081985473633,4.4227925253833154e-05,0.014771127700805664,1.0095027977201105,0.06309392485750691,0.0,3
PyFFTW,3D FFT,"(128, 128, 128)",float32,1,32,0.004743099212646484,0.0020122433386484968,0.016212654113769532,3.4181562280084448,0.1068173821252639,0.0,3
BetterFFTW,3D FFT,"(128, 128, 128)",float32,1,32,0.014581441879272461,4.881634234780277e-05,0.014771127700805664,1.0130087149887996,0.03165652234339999,0.0,3
PyFFTW,3D FFT,"(128, 128, 128)",float32,1,64,0.004927682876586914,0.0023741560226918264,0.016212654113769532,3.290117184854027,0.051408081013344174,0.0,3
BetterFFTW,3D FFT,"(128, 128, 128)",float32,1,64,0.01451878547668457,5.379336065176073e-05,0.014771127700805664,1.0173803948358027,0.015896568669309417,0.0,3
PyFFTW,3D FFT,"(128, 128, 128)",float32,2,1,0.01524653434753418,0.0002364999629997641,0.015204095840454101,0.9972165145132185,0.9972165145132185,0.0,1
BetterFFTW,3D FFT,"(128, 128, 128)",float32,2,1,0.014550399780273438,4.453551844545963e-05,0.01475696563720703,1.0141965760427862,1.0141965760427862,0.0,1
NumPy FFT,3D FFT,"(128, 128, 128)",float32,2,1,0.05135211944580078,0.0005278071194770396,0.046701908111572266,0.9094446074589668,0.9094446074589668,0.0,1
PyFFTW,3D FFT,"(128, 128, 128)",float32,2,2,0.011748981475830079,4.595295304464559e-05,0.015204095840454101,1.2940777778679675,0.6470388889339838,0.0,2
BetterFFTW,3D FFT,"(128, 128, 128)",float32,2,2,0.014580345153808594,7.218479904441723e-05,0.01475696563720703,1.0121136009837395,0.5060568004918697,0.0,2
PyFFTW,3D FFT,"(128, 128, 128)",float32,2,4,0.007176065444946289,4.011830260673356e-05,0.015204095840454101,2.1187231299794673,0.5296807824948668,0.0,3
BetterFFTW,3D FFT,"(128, 128, 128)",float32,2,4,0.014563274383544923,6.969320492270245e-05,0.01475696563720703,1.0132999796996862,0.25332499492492155,0.0,3
PyFFTW,3D FFT,"(128, 128, 128)",float32,2,6,0.01535177230834961,0.00041908824220884247,0.015204095840454101,0.9903804938655071,0.16506341564425117,0.0,3
BetterFFTW,3D FFT,"(128, 128, 128)",float32,2,6,0.015034770965576172,0.0006416238764137509,0.01475696563720703,0.9815224768634515,0.1635870794772419,0.0,3
PyFFTW,3D FFT,"(128, 128, 128)",float32,2,8,0.005143308639526367,1.6882729180692852e-05,0.015204095840454101,2.956092450608643,0.36951155632608035,0.0,3
BetterFFTW,3D FFT,"(128, 128, 128)",float32,2,8,0.014592981338500977,4.8077530637932467e-05,0.01475696563720703,1.0112372033446935,0.12640465041808668,0.0,3
PyFFTW,3D FFT,"(128, 128, 128)",float32,2,10,0.015334033966064453,0.00030518630873880285,0.015204095840454101,0.9915261616155334,0.09915261616155334,0.0,3
BetterFFTW,3D FFT,"(128, 128, 128)",float32,2,10,0.014564180374145507,5.4529534618056746e-05,0.01475696563720703,1.0132369455821735,0.10132369455821735,0.0,3
PyFFTW,3D FFT,"(128, 128, 128)",float32,2,12,0.015353202819824219,2.978610551212581e-05,0.015204095840454101,0.9902882166594198,0.08252401805495164,0.0,3
BetterFFTW,3D FFT,"(128, 128, 128)",float32,2,12,0.01470499038696289,0.0001240794424265507,0.01475696563720703,1.003534531398961,0.08362787761658008,0.0,3
PyFFTW,3D FFT,"(128, 128, 128)",float32,2,16,0.0048428535461425785,3.298134784603184e-05,0.015204095840454101,3.1394911482641144,0.19621819676650715,0.0,3
BetterFFTW,3D FFT,"(128, 128, 128)",float32,2,16,0.014593124389648438,6.436135928253053e-05,0.01475696563720703,1.0112272905502548,0.06320170565939093,0.0,3
PyFFTW,3D FFT,"(128, 128, 128)",float32,2,32,0.004853153228759765,3.9400313122380755e-05,0.015204095840454101,3.1328283126019376,0.09790088476881055,0.0,3
BetterFFTW,3D FFT,"(128, 128, 128)",float32,2,32,0.014581298828125,7.4841350286852e-05,0.01475696563720703,1.012047404771871,0.03162648139912097,0.0,3
PyFFTW,3D FFT,"(128, 128, 128)",float32,2,64,0.004825162887573242,1.8552213546243966e-05,0.015204095840454101,3.151001571285984,0.0492343995513435,0.0,3
BetterFFTW,3D FFT,"(128, 128, 128)",float32,2,64,0.01457071304321289,2.932025118383736e-05,0.01475696563720703,1.0127826684556729,0.01582472919461989,0.0,3
PyFFTW,3D FFT,"(128, 128, 128)",float64,0,1,0.04442496299743652,0.010433448067779476,0.03020334243774414,0.6798732154146528,0.6798732154146528,44.78125,1
BetterFFTW,3D FFT,"(128, 128, 128)",float64,0,1,0.024364519119262695,0.0004217528406255575,0.024204111099243163,0.99341632727351,0.99341632727351,0.0,1
NumPy FFT,3D FFT,"(128, 128, 128)",float64,0,1,0.052058982849121097,0.0008856961398338278,0.04686155319213867,0.9001626737109757,0.9001626737109757,0.0234375,1
PyFFTW,3D FFT,"(128, 128, 128)",float64,0,2,0.01988701820373535,0.006344708903026611,0.03020334243774414,1.518746658162715,0.7593733290813575,-0.0046875,2
BetterFFTW,3D FFT,"(128, 128, 128)",float64,0,2,0.02393970489501953,3.737277961208147e-05,0.024204111099243163,1.0110446726633895,0.5055223363316947,0.0,2
PyFFTW,3D FFT,"(128, 128, 128)",float64,0,4,0.013639879226684571,0.005993595949721498,0.03020334243774414,2.2143408996360763,0.5535852249090191,0.0265625,3
BetterFFTW,3D FFT,"(128, 128, 128)",float64,0,4,0.023819684982299805,4.385994734478673e-05,0.024204111099243163,1.016139009278629,0.2540347523196573,0.0,3
PyFFTW,3D FFT,"(128, 128, 128)",float64,0,6,0.012072610855102538,0.006140609177364192,0.03020334243774414,2.5018070076348544,0.41696783460580905,-0.021875,3
BetterFFTW,3D FFT,"(128, 128, 128)",float64,0,6,0.02390155792236328,6.0432897432812274e-05,0.024204111099243163,1.012658303607766,0.16877638393462768,0.0,3
PyFFTW,3D FFT,"(128, 128, 128)",float64,0,8,0.010864639282226562,0.006029851661821811,0.03020334243774414,2.779967346652154,0.34749591833151927,-0.021875,3
BetterFFTW,3D FFT,"(128, 128, 128)",float64,0,8,0.024048900604248045,0.0001989388168576006,0.024204111099243163,1.0064539538646395,0.12580674423307994,0.0,3
PyFFTW,3D FFT,"(128, 128, 128)",float64,0,10,0.010248184204101562,0.0060679259865718625,0.03020334243774414,2.9471896519635212,0.2947189651963521,0.0859375,3
BetterFFTW,3D FFT,"(128, 128, 128)",float64,0,10,0.023862409591674804,9.876947113220895e-05,0.024204111099243163,1.0143196564561348,0.10143196564561348,0.0,3
PyFFTW,3D FFT,"(128, 128, 128)",float64,0,12,0.009787845611572265,0.006058576375733934,0.03020334243774414,3.0858008632700984,0.2571500719391749,-0.0203125,3
BetterFFTW,3D FFT,"(128, 128, 128)",float64,0,12,0.023948240280151366,9.036150959574203e-05,0.024204111099243163,1.0106843265350007,0.08422369387791673,0.0,3
PyFFTW,3D FFT,"(128, 128, 128)",float64,0,16,0.010014104843139648,0.006411583371409047,0.03020334243774414,3.016080110089472,0.188505006880592,-0.01796875,3
BetterFFTW,3D FFT,"(128, 128, 128)",float64,0,16,0.023911094665527342,0.00015090563415459248,0.024204111099243163,1.0122544131841134,0.06326590082400708,0.0,3
PyFFTW,3D FFT,"(128, 128, 128)",float64,0,32,0.010052776336669922,0.006554045872000336,0.03020334243774414,3.0044777110548235,0.09388992847046324,-0.01484375,3
BetterFFTW,3D FFT,"(128, 128, 128)",float64,0,32,0.023879098892211913,9.567347534522175e-05,0.024204111099243163,1.0136107400240824,0.031675335625752574,0.0,3
PyFFTW,3D FFT,"(128, 128, 128)",float64,0,64,0.010326337814331055,0.0072088980822350174,0.03020334243774414,2.9248842116928873,0.04570131580770136,0.03203125,3
BetterFFTW,3D FFT,"(128, 128, 128)",float64,0,64,0.023821067810058594,4.63385139352814e-05,0.024204111099243163,1.0160800217789911,0.015876250340296737,0.0,3
PyFFTW,3D FFT,"(128, 128, 128)",float64,1,1,0.03556151390075683,0.012801136096408913,0.029927492141723633,0.8415696875347791,0.8415696875347791,6.45234375,1
BetterFFTW,3D FFT,"(128, 128, 128)",float64,1,1,0.023923969268798827,0.00012245783538355305,0.023858022689819337,0.9972434934087006,0.9972434934087006,0.0,1
NumPy FFT,3D FFT,"(128, 128, 128)",float64,1,1,0.05078234672546387,0.0003871634254508231,0.04640383720397949,0.913778905390978,0.913778905390978,0.0,1
PyFFTW,3D FFT,"(128, 128, 128)",float64,1,2,0.019529104232788086,0.006107119701284259,0.029927492141723633,1.5324559582961996,0.7662279791480998,0.0,2
BetterFFTW,3D FFT,"(128, 128, 128)",float64,1,2,0.02387580871582031,5.076257978293337e-05,0.023858022689819337,0.9992550607934303,0.49962753039671515,0.0,2
PyFFTW,3D FFT,"(128, 128, 128)",float64,1,4,0.013669443130493165,0.006082219339649799,0.029927492141723633,2.189371714416278,0.5473429286040695,0.04296875,3
BetterFFTW,3D FFT,"(128, 128, 128)",float64,1,4,0.02379775047302246,7.635784453494778e-05,0.023858022689819337,1.002532685468116,0.250633171367029,0.0,3
PyFFTW,3D FFT,"(128, 128, 128)",float64,1,6,0.012008905410766602,0.00610807977025281,0.029927492141723633,2.492108241180091,0.41535137353001517,-0.01484375,3
BetterFFTW,3D FFT,"(128, 128, 128)",float64,1,6,0.023941946029663087,0.00019093791167407065,0.023858022689819337,0.9964947151856507,0.16608245253094178,0.0,3
PyFFTW,3D FFT,"(128, 128, 128)",float64,1,8,0.010950946807861328,0.006097695206593518,0.029927492141723633,2.7328680037272814,0.3416085004659102,0.03125,3
BetterFFTW,3D FFT,"(128, 128, 128)",float64,1,8,0.023819112777709962,0.00011054444990550981,0.023858022689819337,1.0016335584147276,0.12520419480184095,0.0,3
PyFFTW,3D FFT,"(128, 128, 128)",float64,1,10,0.010248279571533203,0.006117941385419032,0.029927492141723633,2.920245484408297,0.2920245484408297,-0.01796875,3
BetterFFTW,3D FFT,"(128, 128, 128)",float64,1,10,0.023850011825561523,0.00012124923521483631,0.023858022689819337,1.0003358851272866,0.10003358851272866,0.0,3
PyFFTW,3D FFT,"(128, 128, 128)",float64,1,12,0.009991264343261719,0.005972678172765078,0.029927492141723633,2.995365862970811,0.24961382191423423,0.0578125,3
BetterFFTW,3D FFT,"(128, 128, 128)",float64,1,12,0.023979854583740235,0.00010697439667367603,0.023858022689819337,0.9949194064753208,0.08290995053961007,0.0,3
PyFFTW,3D FFT,"(128, 128, 128)",float64,1,16,0.009969997406005859,0.006279380510440157,0.029927492141723633,3.0017552586017238,0.18760970366260774,0.04140625,3
BetterFFTW,3D FFT,"(128, 128, 128)",float64,1,16,0.0238494873046875,5.9765598418952135e-05,0.023858022689819337,1.0003578854766475,0.06252236784229047,0.0,3
PyFFTW,3D FFT,"(128, 128, 128)",float64,1,32,0.009949588775634765,0.006703286365385682,0.029927492141723633,3.0079124692079864,0.09399726466274957,0.03359375,3
BetterFFTW,3D FFT,"(128, 128, 128)",float64,1,32,0.023885774612426757,0.00010264947387883773,0.023858022689819337,0.9988381401458514,0.031213691879557855,0.0,3
PyFFTW,3D FFT,"(128, 128, 128)",float64,1,64,0.010300874710083008,0.00725661327013793,0.029927492141723633,2.905335030667747,0.04539585985418355,0.01640625,3
BetterFFTW,3D FFT,"(128, 128, 128)",float64,1,64,0.023973703384399414,0.00019327740005142328,0.023858022689819337,0.9951746839974939,0.015549604437460842,0.0,3
PyFFTW,3D FFT,"(128, 128, 128)",float64,2,1,0.04128866195678711,0.012674528125986908,0.029736089706420898,0.720199887745038,0.720199887745038,38.45546875,1
BetterFFTW,3D FFT,"(128, 128, 128)",float64,2,1,0.02395944595336914,0.0001323827742858369,0.02395806312561035,0.9999422846520958,0.9999422846520958,0.0,1
NumPy FFT,3D FFT,"(128, 128, 128)",float64,2,1,0.050905704498291016,0.0005954994743715225,0.047253656387329104,0.9282585685247806,0.9282585685247806,0.00078125,1
PyFFTW,3D FFT,"(128, 128, 128)",float64,2,2,0.019531106948852538,0.006062453107542191,0.029736089706420898,1.5224989440840633,0.7612494720420316,-0.0046875,2
BetterFFTW,3D FFT,"(128, 128, 128)",float64,2,2,0.02388167381286621,7.597079983770623e-05,0.02395806312561035,1.003198658240738,0.501599329120369,0.0,2
PyFFTW,3D FFT,"(128, 128, 128)",float64,2,4,0.013636970520019531,0.006087716871964991,0.029736089706420898,2.1805495335468623,0.5451373833867156,0.02734375,3
BetterFFTW,3D FFT,"(128, 128, 128)",float64,2,4,0.023948812484741212,6.822298378194134e-05,0.02395806312561035,1.0003862672053168,0.2500965668013292,0.0,3
PyFFTW,3D FFT,"(128, 128, 128)",float64,2,6,0.011932134628295898,0.006148931094330506,0.029736089706420898,2.492101424660819,0.4153502374434698,0.01796875,3
BetterFFTW,3D FFT,"(128, 128, 128)",float64,2,6,0.023928213119506835,0.00014018545337602135,0.02395806312561035,1.0012474816215666,0.1668745802702611,0.0,3
PyFFTW,3D FFT,"(128, 128, 128)",float64,2,8,0.01088404655456543,0.006123831212977777,0.029736089706420898,2.7320803487327767,0.3415100435915971,0.06015625,3
BetterFFTW,3D FFT,"(128, 128, 128)",float64,2,8,0.023865652084350587,9.516998355253847e-05,0.02395806312561035,1.0038721356086624,0.1254840169510828,0.0,3
PyFFTW,3D FFT,"(128, 128, 128)",float64,2,10,0.010269927978515624,0.006127018220392906,0.029736089706420898,2.8954526038184385,0.28954526038184386,0.03359375,3
BetterFFTW,3D FFT,"(128, 128, 128)",float64,2,10,0.02388277053833008,7.805266444850807e-05,0.02395806312561035,1.0031525901552933,0.10031525901552933,0.0,3
PyFFTW,3D FFT,"(128, 128, 128)",float64,2,12,0.00980515480041504,0.006083225513141913,0.029736089706420898,3.0326996678484064,0.2527249723207005,0.01875,3
BetterFFTW,3D FFT,"(128, 128, 128)",float64,2,12,0.02390179634094238,7.15618994975214e-05,0.02395806312561035,1.0023540818382586,0.08352950681985488,0.0,3
PyFFTW,3D FFT,"(128, 128, 128)",float64,2,16,0.009955024719238282,0.006285082983869023,0.029736089706420898,2.9870432816661237,0.18669020510413273,-0.01796875,3
BetterFFTW,3D FFT,"(128, 128, 128)",float64,2,16,0.023859119415283202,5.6489729070235127e-05,0.02395806312561035,1.0041469975737567,0.0627591873483598,0.0,3
PyFFTW,3D FFT,"(128, 128, 128)",float64,2,32,0.010306739807128906,0.006613059921874687,0.029736089706420898,2.8851111275607453,0.09015972273627329,0.1,3
BetterFFTW,3D FFT,"(128, 128, 128)",float64,2,32,0.0238950252532959,0.00010048679870675204,0.02395806312561035,1.0026381169990919,0.03133244115622162,0.0,3
PyFFTW,3D FFT,"(128, 128, 128)",float64,2,64,0.01032085418701172,0.007224918212381069,0.029736089706420898,2.881165567075086,0.04501821198554822,0.05859375,3
BetterFFTW,3D FFT,"(128, 128, 128)",float64,2,64,0.02395329475402832,0.0001471357991869993,0.02395806312561035,1.0001990695489282,0.015628110461702004,0.0,3
PyFFTW,3D FFT (Large),"(256, 256, 256)",float32,0,1,0.28968086242675783,0.0011569575504974108,1.2613935470581055,4.35442485392708,4.35442485392708,76.80234375,1
BetterFFTW,3D FFT (Large),"(256, 256, 256)",float32,0,1,0.15090765953063964,0.00035231853593371403,0.15071320533752441,0.9987114358958318,0.9987114358958318,0.0,1
NumPy FFT,3D FFT (Large),"(256, 256, 256)",float32,0,1,0.6400769233703614,0.000843691653050773,0.6393222332000732,0.9988209383236091,0.9988209383236091,0.0,1
PyFFTW,3D FFT (Large),"(256, 256, 256)",float32,0,2,0.7201848030090332,0.0019397814306495184,1.2613935470581055,1.7514859266508072,0.8757429633254036,-0.0015625,2
BetterFFTW,3D FFT (Large),"(256, 256, 256)",float32,0,2,0.15180034637451173,0.000858842012692432,0.15071320533752441,0.9928383494310007,0.49641917471550034,0.0,2
PyFFTW,3D FFT (Large),"(256, 256, 256)",float32,0,4,0.05652508735656738,0.00023692015897245865,1.2613935470581055,22.31564082512736,5.57891020628184,0.028125,3
BetterFFTW,3D FFT (Large),"(256, 256, 256)",float32,0,4,0.15084576606750488,0.0003901716076994268,0.15071320533752441,0.9991212167670577,0.24978030419176442,0.0,3
PyFFTW,3D FFT (Large),"(256, 256, 256)",float32,0,6,0.3327152252197266,0.00399605668033736,1.2613935470581055,3.7912107755966855,0.6318684625994476,0.0609375,3
BetterFFTW,3D FFT (Large),"(256, 256, 256)",float32,0,6,0.1506181240081787,0.0002746803221802928,0.15071320533752441,1.0006312741575545,0.1667718790262591,0.0,3
PyFFTW,3D FFT (Large),"(256, 256, 256)",float32,0,8,0.2865922451019287,0.0006975200777938443,1.2613935470581055,4.401352683529455,0.5501690854411819,51.19375,3
BetterFFTW,3D FFT (Large),"(256, 256, 256)",float32,0,8,0.15068454742431642,0.00016574062585049328,0.15071320533752441,1.0001901848178718,0.12502377310223398,0.0,3
PyFFTW,3D FFT (Large),"(256, 256, 256)",float32,0,10,0.23230586051940919,0.04922533218021321,1.2613935470581055,5.429882587713347,0.5429882587713347,0.0265625,3
BetterFFTW,3D FFT (Large),"(256, 256, 256)",float32,0,10,0.15090794563293458,0.00014705092051857347,0.15071320533752441,0.9987095424658166,0.09987095424658166,0.0,3
PyFFTW,3D FFT (Large),"(256, 256, 256)",float32,0,12,0.21510601043701172,0.04774822984354516,1.2613935470581055,5.8640553301855425,0.48867127751546185,102.43671875,3
BetterFFTW,3D FFT (Large),"(256, 256, 256)",float32,0,12,0.15076279640197754,0.00025300401759387685,0.15071320533752441,0.9996710656366382,0.08330592213638652,0.0,3
PyFFTW,3D FFT (Large),"(256, 256, 256)",float32,0,16,0.1442270278930664,0.06031951276104205,1.2613935470581055,8.745888794112396,0.5466180496320248,51.1734375,3
BetterFFTW,3D FFT (Large),"(256, 256, 256)",float32,0,16,0.15107355117797852,0.0007453079582740889,0.15071320533752441,0.9976147655387435,0.06235092284617147,0.0,3
PyFFTW,3D FFT (Large),"(256, 256, 256)",float32,0,32,0.14419965744018554,0.0610093215460765,1.2613935470581055,8.747548846163767,0.2733609014426177,51.2234375,3
BetterFFTW,3D FFT (Large),"(256, 256, 256)",float32,0,32,0.15145153999328614,0.0007832624379549449,0.15071320533752441,0.9951249445479758,0.031097654517124245,0.0,3
PyFFTW,3D FFT (Large),"(256, 256, 256)",float32,0,64,0.18515210151672362,0.07553965034657428,1.2613935470581055,6.812742262847996,0.10644909785699994,76.8375,3
BetterFFTW,3D FFT (Large),"(256, 256, 256)",float32,0,64,0.1522550106048584,0.000736297817351148,0.15071320533752441,0.9898735334803832,0.015466773960630988,0.0,3
PyFFTW,3D FFT (Large),"(256, 256, 256)",float32,1,1,0.2937194347381592,0.0004614217596929005,0.2939567565917969,1.000807988255354,1.000807988255354,51.2015625,1
BetterFFTW,3D FFT (Large),"(256, 256, 256)",float32,1,1,0.1521054744720459,0.0002637365846652712,0.15201663970947266,0.9994159660401338,0.9994159660401338,0.0,1
NumPy FFT,3D FFT (Large),"(256, 256, 256)",float32,1,1,0.6514852046966553,0.0008675413731957006,0.6534146785736084,1.0029616541757866,1.0029616541757866,0.0,1
PyFFTW,3D FFT (Large),"(256, 256, 256)",float32,1,2,0.7284327030181885,0.0025755010251029688,0.2939567565917969,0.40354689647213293,0.20177344823606647,-0.00078125,2
BetterFFTW,3D FFT (Large),"(256, 256, 256)",float32,1,2,0.1523686408996582,0.0006990945596864295,0.15201663970947266,0.9976898055393343,0.49884490276966714,0.0,2
PyFFTW,3D FFT (Large),"(256, 256, 256)",float32,1,4,0.056999588012695314,0.0005446661163079621,0.2939567565917969,5.157173355820132,1.289293338955033,0.028125,3
BetterFFTW,3D FFT (Large),"(256, 256, 256)",float32,1,4,0.15243806838989257,0.0005143462663584027,0.15201663970947266,0.9972354105187031,0.24930885262967578,0.0,3
PyFFTW,3D FFT (Large),"(256, 256, 256)",float32,1,6,0.33643808364868166,0.0007105472814655095,0.2939567565917969,0.8737321096465256,0.14562201827442092,0.04296875,3
BetterFFTW,3D FFT (Large),"(256, 256, 256)",float32,1,6,0.15167756080627443,0.00022048088076675427,0.15201663970947266,1.0022355244994434,0.16703925408324058,0.0,3
PyFFTW,3D FFT (Large),"(256, 256, 256)",float32,1,8,0.29019956588745116,0.004127994639004664,0.2939567565917969,1.0129469204850667,0.12661836506063334,51.20078125,3
BetterFFTW,3D FFT (Large),"(256, 256, 256)",float32,1,8,0.15152482986450194,0.0002818323585379627,0.15201663970947266,1.0032457376484798,0.12540571720605997,0.0,3
PyFFTW,3D FFT (Large),"(256, 256, 256)",float32,1,10,0.26126742362976074,0.004673254675377788,0.2939567565917969,1.1251182887934772,0.11251182887934771,128.046875,3
BetterFFTW,3D FFT (Large),"(256, 256, 256)",float32,1,10,0.1517942428588867,0.0007498088874038091,0.15201663970947266,1.0014651204577811,0.10014651204577811,0.0,3
PyFFTW,3D FFT (Large),"(256, 256, 256)",float32,1,12,0.24323863983154298,0.0025270447046115804,0.2939567565917969,1.2085117594613224,0.10070931328844353,128.05859375,3
BetterFFTW,3D FFT (Large),"(256, 256, 256)",float32,1,12,0.15159163475036622,0.00025283354944699815,0.15201663970947266,1.0028036174938433,0.08356696812448694,0.0,3
PyFFTW,3D FFT (Large),"(256, 256, 256)",float32,1,16,0.14450559616088868,0.060889856099176166,0.2939567565917969,2.034224032850003,0.1271390020531252,51.225,3
BetterFFTW,3D FFT (Large),"(256, 256, 256)",float32,1,16,0.15182013511657716,0.0007318965976603565,0.15201663970947266,1.0012943249770172,0.06258089531106358,0.0,3
PyFFTW,3D FFT (Large),"(256, 256, 256)",float32,1,32,0.15060458183288575,0.057884994936775055,0.2939567565917969,1.951844711590368,0.060995147237199,51.1734375,3
BetterFFTW,3D FFT (Large),"(256, 256, 256)",float32,1,32,0.15171918869018555,0.0004291003141366184,0.15201663970947266,1.0019605365798159,0.031311266768119246,0.0,3
PyFFTW,3D FFT (Large),"(256, 256, 256)",float32,1,64,0.17153806686401368,0.06286175758101599,0.2939567565917969,1.7136531964349946,0.02677583119429679,76.81875,3
BetterFFTW,3D FFT (Large),"(256, 256, 256)",float32,1,64,0.15197982788085937,0.0007591346190161665,0.15201663970947266,1.0002422152276824,0.015628784612932538,0.0,3
PyFFTW,3D FFT (Large),"(256, 256, 256)",float32,2,1,0.29222922325134276,0.000996163694708855,0.29144673347473143,0.9973223424820237,0.9973223424820237,51.2015625,1
BetterFFTW,3D FFT (Large),"(256, 256, 256)",float32,2,1,0.15191683769226075,0.0011378108139792834,0.151436185836792,0.9968360856981343,0.9968360856981343,0.0,1
NumPy FFT,3D FFT (Large),"(256, 256, 256)",float32,2,1,0.6462538719177247,0.002064252617747832,0.6492293834686279,1.0046042456071846,1.0046042456071846,0.0,1
PyFFTW,3D FFT (Large),"(256, 256, 256)",float32,2,2,0.7155200481414795,0.0007034064531204976,0.29144673347473143,0.40732154777737795,0.20366077388868897,0.03125,2
BetterFFTW,3D FFT (Large),"(256, 256, 256)",float32,2,2,0.15136990547180176,0.0001785570588396915,0.151436185836792,1.0004378701617316,0.5002189350808658,0.0,2
PyFFTW,3D FFT (Large),"(256, 256, 256)",float32,2,4,0.05692424774169922,0.00029671904734281216,0.29144673347473143,5.119904874232275,1.2799762185580688,0.028125,3
BetterFFTW,3D FFT (Large),"(256, 256, 256)",float32,2,4,0.15152974128723146,0.0002553610303245985,0.151436185836792,0.9993825934787144,0.2498456483696786,0.0,3
PyFFTW,3D FFT (Large),"(256, 256, 256)",float32,2,6,0.331955623626709,0.0007436547437968116,0.29144673347473143,0.8779689594970361,0.14632815991617268,0.0125,3
BetterFFTW,3D FFT (Large),"(256, 256, 256)",float32,2,6,0.15170512199401856,0.0004318172802712964,0.151436185836792,0.9982272440528596,0.16637120734214325,0.0,3
PyFFTW,3D FFT (Large),"(256, 256, 256)",float32,2,8,0.2891548633575439,0.0017615098749485774,0.29144673347473143,1.007926099151767,0.12599076239397086,51.2,3
BetterFFTW,3D FFT (Large),"(256, 256, 256)",float32,2,8,0.15159859657287597,0.0005752386596664519,0.151436185836792,0.9989286791582803,0.12486608489478504,0.0,3
PyFFTW,3D FFT (Large),"(256, 256, 256)",float32,2,10,0.23493313789367676,0.049949462548282926,0.29144673347473143,1.2405518271612705,0.12405518271612706,0.01953125,3
BetterFFTW,3D FFT (Large),"(256, 256, 256)",float32,2,10,0.15143799781799316,0.00020335262769703222,0.151436185836792,0.9999880348312361,0.09999880348312361,0.0,3
PyFFTW,3D FFT (Large),"(256, 256, 256)",float32,2,12,0.21690287590026855,0.04713897549931051,0.29144673347473143,1.3436739013489982,0.11197282511241652,102.40625,3
BetterFFTW,3D FFT (Large),"(256, 256, 256)",float32,2,12,0.1525123119354248,0.0014819529284942408,0.151436185836792,0.992944005077515,0.08274533375645958,0.0,3
PyFFTW,3D FFT (Large),"(256, 256, 256)",float32,2,16,0.1458181381225586,0.06118448118102672,0.29144673347473143,1.9987001427063453,0.12491875891914658,51.21796875,3
BetterFFTW,3D FFT (Large),"(256, 256, 256)",float32,2,16,0.1516810417175293,0.0005647766190534816,0.151436185836792,0.9983857186239973,0.06239910741399983,0.0,3
PyFFTW,3D FFT (Large),"(256, 256, 256)",float32,2,32,0.17155842781066893,0.06308489994928301,0.29144673347473143,1.6988190973419892,0.05308809679193716,76.81953125,3
BetterFFTW,3D FFT (Large),"(256, 256, 256)",float32,2,32,0.15207810401916505,0.0011850722755648068,0.151436185836792,0.9957790229795859,0.03111809446811206,0.0,3
PyFFTW,3D FFT (Large),"(256, 256, 256)",float32,2,64,0.14756498336791993,0.06314659997168612,0.29144673347473143,1.9750399235845464,0.030859998806008537,51.225,3
BetterFFTW,3D FFT (Large),"(256, 256, 256)",float32,2,64,0.15117034912109376,0.00022035947805337957,0.151436185836792,1.0017585241897224,0.015652476940464413,0.0,3
PyFFTW,3D FFT (Large),"(256, 256, 256)",float64,0,1,0.5337207794189454,0.002452300978516601,0.5323533535003662,0.9974379376420984,0.9974379376420984,0.0,1
BetterFFTW,3D FFT (Large),"(256, 256, 256)",float64,0,1,0.27355079650878905,0.0010181185253006,0.27400999069213866,1.0016786431961087,1.0016786431961087,0.0,1
NumPy FFT,3D FFT (Large),"(256, 256, 256)",float64,0,1,0.6557751178741456,0.0022255329425271493,0.6518112659454346,0.9939554706778739,0.9939554706778739,0.0,1
PyFFTW,3D FFT (Large),"(256, 256, 256)",float64,0,2,0.3981752395629883,0.0008998582625331491,0.5323533535003662,1.3369825659793493,0.6684912829896746,255.9890625,2
BetterFFTW,3D FFT (Large),"(256, 256, 256)",float64,0,2,0.2738607406616211,0.001123950289329673,0.27400999069213866,1.0005449851269554,0.5002724925634777,0.0,2
PyFFTW,3D FFT (Large),"(256, 256, 256)",float64,0,4,0.33360066413879397,0.001191377259025948,0.5323533535003662,1.5957802568369033,0.3989450642092258,256.0375,3
BetterFFTW,3D FFT (Large),"(256, 256, 256)",float64,0,4,0.2737687587738037,0.000406646258835226,0.27400999069213866,1.000881152105943,0.25022028802648577,0.0,3
PyFFTW,3D FFT (Large),"(256, 256, 256)",float64,0,6,0.22173657417297363,0.11261963160299464,0.5323533535003662,2.400836918699234,0.40013948644987235,153.6203125,3
BetterFFTW,3D FFT (Large),"(256, 256, 256)",float64,0,6,0.27397785186767576,0.0008623500353548777,0.27400999069213866,1.0001173044618161,0.16668621741030268,0.0,3
PyFFTW,3D FFT (Large),"(256, 256, 256)",float64,0,8,0.20914993286132813,0.11300828398405408,0.5323533535003662,2.5453192655497068,0.31816490819371335,153.5984375,3
BetterFFTW,3D FFT (Large),"(256, 256, 256)",float64,0,8,0.27353529930114745,0.0007018117318847123,0.27400999069213866,1.0017353935386182,0.12521692419232727,0.0,3
PyFFTW,3D FFT (Large),"(256, 256, 256)",float64,0,10,0.10850648880004883,0.09187283721870612,0.5323533535003662,4.906189108020668,0.4906189108020668,51.16171875,3
BetterFFTW,3D FFT (Large),"(256, 256, 256)",float64,0,10,0.2735170841217041,0.0001312653452223512,0.27400999069213866,1.0018021052396684,0.10018021052396683,0.0,3
PyFFTW,3D FFT (Large),"(256, 256, 256)",float64,0,12,0.10596537590026855,0.09222760572560593,0.5323533535003662,5.023842448323887,0.4186535373603239,51.23359375,3
BetterFFTW,3D FFT (Large),"(256, 256, 256)",float64,0,12,0.27378239631652834,0.00035574885426805037,0.27400999069213866,1.0008312966015067,0.08340260805012556,0.0,3
PyFFTW,3D FFT (Large),"(256, 256, 256)",float64,0,16,0.10177135467529297,0.09326587155143437,0.5323533535003662,5.230876165487513,0.32692976034296956,51.20859375,3
BetterFFTW,3D FFT (Large),"(256, 256, 256)",float64,0,16,0.2736243724822998,0.0007979259048738086,0.27400999069213866,1.0014092977403313,0.0625880811087707,0.0,3
PyFFTW,3D FFT (Large),"(256, 256, 256)",float64,0,32,0.05851340293884277,0.006368920646094509,0.5323533535003662,9.097972887626668,0.28431165273833336,0.0,3
BetterFFTW,3D FFT (Large),"(256, 256, 256)",float64,0,32,0.27500276565551757,0.0010819307492958938,0.27400999069213866,0.9963899455301387,0.031137185797816835,0.0,3
PyFFTW,3D FFT (Large),"(256, 256, 256)",float64,0,64,0.05542168617248535,0.00022222313181349,0.5323533535003662,9.605506260555789,0.1500860353211842,0.0,3
BetterFFTW,3D FFT (Large),"(256, 256, 256)",float64,0,64,0.2749785900115967,0.0013319836951322115,0.27400999069213866,0.9964775464176423,0.015569961662775661,0.0,3
PyFFTW,3D FFT (Large),"(256, 256, 256)",float64,1,1,0.5343164920806884,0.0007907202321645067,0.5334475994110107,0.9983738239740755,0.9983738239740755,0.0,1
BetterFFTW,3D FFT (Large),"(256, 256, 256)",float64,1,1,0.2738008975982666,0.0003435475686243639,0.2742907524108887,1.0017890913321286,1.0017890913321286,0.0,1
NumPy FFT,3D FFT (Large),"(256, 256, 256)",float64,1,1,0.6586609840393066,0.0026949770346837783,0.653294563293457,0.9918525297901517,0.9918525297901517,0.0,1
PyFFTW,3D FFT (Large),"(256, 256, 256)",float64,1,2,0.3985601902008057,0.0008418098181536931,0.5334475994110107,1.3384367343417942,0.6692183671708971,256.04296875,2
BetterFFTW,3D FFT (Large),"(256, 256, 256)",float64,1,2,0.274356746673584,0.0009333694457045864,0.2742907524108887,0.9997594582109044,0.4998797291054522,0.0,2
PyFFTW,3D FFT (Large),"(256, 256, 256)",float64,1,4,0.28896465301513674,0.09277153896095262,0.5334475994110107,1.846065232701895,0.46151630817547373,204.80546875,3
BetterFFTW,3D FFT (Large),"(256, 256, 256)",float64,1,4,0.27416481971740725,0.000700863320240266,0.2742907524108887,1.0004593320675177,0.2501148330168794,0.0,3
PyFFTW,3D FFT (Large),"(256, 256, 256)",float64,1,6,0.2689082145690918,0.09266074162646443,0.5334475994110107,1.9837534538163006,0.3306255756360501,204.778125,3
BetterFFTW,3D FFT (Large),"(256, 256, 256)",float64,1,6,0.2735703945159912,0.00024549782223405066,0.2742907524108887,1.0026331719708632,0.16710552866181053,0.0,3
PyFFTW,3D FFT (Large),"(256, 256, 256)",float64,1,8,0.1639523983001709,0.11345712990392655,0.5334475994110107,3.253673657364576,0.406709207170572,102.41484375,3
BetterFFTW,3D FFT (Large),"(256, 256, 256)",float64,1,8,0.2744439601898193,0.0008891470445512185,0.2742907524108887,0.9994417520472133,0.12493021900590166,0.0,3
PyFFTW,3D FFT (Large),"(256, 256, 256)",float64,1,10,0.15519437789916993,0.11302722381347813,0.5334475994110107,3.4372868826317444,0.34372868826317443,102.3921875,3
BetterFFTW,3D FFT (Large),"(256, 256, 256)",float64,1,10,0.273985767364502,0.0006777181636632263,0.2742907524108887,1.0011131419318615,0.10011131419318615,0.0,3
PyFFTW,3D FFT (Large),"(256, 256, 256)",float64,1,12,0.10635838508605958,0.09257366348048676,0.5334475994110107,5.01556693418552,0.41796391118212667,51.2046875,3
BetterFFTW,3D FFT (Large),"(256, 256, 256)",float64,1,12,0.27411699295043945,0.00021422755124394043,0.2742907524108887,1.0006338879563028,0.0833861573296919,0.0,3
PyFFTW,3D FFT (Large),"(256, 256, 256)",float64,1,16,0.10182018280029297,0.09299607590733538,0.5334475994110107,5.239114532501859,0.3274446582813662,51.17578125,3
BetterFFTW,3D FFT (Large),"(256, 256, 256)",float64,1,16,0.2754936695098877,0.001124053578296701,0.2742907524108887,0.9956335944083977,0.06222709965052486,0.0,3
PyFFTW,3D FFT (Large),"(256, 256, 256)",float64,1,32,0.05517139434814453,0.0002238566164550172,0.5334475994110107,9.668916396145987,0.3021536373795621,-0.01640625,3
BetterFFTW,3D FFT (Large),"(256, 256, 256)",float64,1,32,0.2745683670043945,0.0006273187159514606,0.2742907524108887,0.9989889053989187,0.03121840329371621,0.0,3
PyFFTW,3D FFT (Large),"(256, 256, 256)",float64,1,64,0.0558107852935791,0.0003288113458718711,0.5334475994110107,9.558145376470497,0.14934602150735152,0.03515625,3
BetterFFTW,3D FFT (Large),"(256, 256, 256)",float64,1,64,0.2747507095336914,0.0007705852387592322,0.2742907524108887,0.9983259110646762,0.015598842360385565,0.0,3
PyFFTW,3D FFT (Large),"(256, 256, 256)",float64,2,1,0.5348359107971191,0.0024810541891886035,0.5338030338287354,0.9980687965270613,0.9980687965270613,0.0,1
BetterFFTW,3D FFT (Large),"(256, 256, 256)",float64,2,1,0.2744173049926758,0.0007250273255044065,0.2746239185333252,1.0007529173156733,1.0007529173156733,0.0,1
NumPy FFT,3D FFT (Large),"(256, 256, 256)",float64,2,1,0.6618114471435547,0.001225812996138047,0.6553555011749268,0.9902450373191755,0.9902450373191755,0.0,1
PyFFTW,3D FFT (Large),"(256, 256, 256)",float64,2,2,0.3991539001464844,0.0005046744870048348,0.5338030338287354,1.3373363848701878,0.6686681924350939,255.99140625,2
BetterFFTW,3D FFT (Large),"(256, 256, 256)",float64,2,2,0.2739730358123779,0.0006769038346952758,0.2746239185333252,1.0023757181761237,0.5011878590880618,0.0,2
PyFFTW,3D FFT (Large),"(256, 256, 256)",float64,2,4,0.3338037014007568,0.0005478862143267437,0.5338030338287354,1.5991525306301626,0.39978813265754065,256.03125,3
BetterFFTW,3D FFT (Large),"(256, 256, 256)",float64,2,4,0.27472748756408694,0.0009245025587124565,0.2746239185333252,0.9996230117645669,0.24990575294114173,0.0,3
PyFFTW,3D FFT (Large),"(256, 256, 256)",float64,2,6,0.3159318447113037,0.0016379576782898178,0.5338030338287354,1.6896145252990273,0.2816024208831712,255.98359375,3
BetterFFTW,3D FFT (Large),"(256, 256, 256)",float64,2,6,0.27433037757873535,0.0008289967659751266,0.2746239185333252,1.0010700271591526,0.16684500452652543,0.0,3
PyFFTW,3D FFT (Large),"(256, 256, 256)",float64,2,8,0.209594202041626,0.11310860131460485,0.5338030338287354,2.5468406503092136,0.3183550812886517,153.62421875,3
BetterFFTW,3D FFT (Large),"(256, 256, 256)",float64,2,8,0.2742604732513428,0.0005700936400543253,0.2746239185333252,1.0013251828733238,0.12516564785916548,0.0,3
PyFFTW,3D FFT (Large),"(256, 256, 256)",float64,2,10,0.1575164794921875,0.11581557282406839,0.5338030338287354,3.388871028286351,0.3388871028286351,102.396875,3
BetterFFTW,3D FFT (Large),"(256, 256, 256)",float64,2,10,0.27504687309265136,0.0007347601301281376,0.2746239185333252,0.9984622455272062,0.09984622455272062,0.0,3
PyFFTW,3D FFT (Large),"(256, 256, 256)",float64,2,12,0.10584135055541992,0.09204915911956886,0.5338030338287354,5.04342613758721,0.42028551146560084,51.1765625,3
BetterFFTW,3D FFT (Large),"(256, 256, 256)",float64,2,12,0.2740344047546387,0.0005209696936071751,0.2746239185333252,1.002151240021173,0.08351260333509775,0.0,3
PyFFTW,3D FFT (Large),"(256, 256, 256)",float64,2,16,0.10117115974426269,0.09193069741683622,0.5338030338287354,5.27623717251108,0.3297648232819425,51.24140625,3
BetterFFTW,3D FFT (Large),"(256, 256, 256)",float64,2,16,0.2742638111114502,0.000898265648779164,0.2746239185333252,1.0013129964920113,0.06258206228075071,0.0,3
PyFFTW,3D FFT (Large),"(256, 256, 256)",float64,2,32,0.10153737068176269,0.09287244545097567,0.5338030338287354,5.257207570420303,0.16428773657563447,51.2125,3
BetterFFTW,3D FFT (Large),"(256, 256, 256)",float64,2,32,0.2740205764770508,0.0010586672350483242,0.2746239185333252,1.0022018129588341,0.03131880665496357,0.0,3
PyFFTW,3D FFT (Large),"(256, 256, 256)",float64,2,64,0.1025853157043457,0.09515615950568886,0.5338030338287354,5.203503349028759,0.08130473982857436,51.20546875,3
BetterFFTW,3D FFT (Large),"(256, 256, 256)",float64,2,64,0.27401113510131836,0.00017919759916511094,0.2746239185333252,1.0022363450002871,0.015659942890629486,0.0,3
